"test"," time-1461115964"," time-1461161168"," time-1461161168","range"
"Tests/Benchmarks/bytestring/Data/ByteString/Lazy.hs"," 77.0630"," 56.4304"," 21.3155","55"
"Tests/Benchmarks/text/Data/Text/Lazy.hs"," 77.9382"," 67.7892"," 22.3694","55"
"Tests/Benchmarks/text/Data/Text/Lazy/Search.hs"," 90.8144"," 90.4680"," 37.8280","52"
"Tests/Benchmarks/bytestring/Data/ByteString/Fusion.hs"," 11.7205"," 11.6302"," 60.5894","48"
"Tests/Benchmarks/text/Data/Text/Lazy/Fusion.hs"," 6.7622"," 6.4198"," 53.6729","47"
"Tests/Benchmarks/bytestring/Data/ByteString/Fusion.T.hs"," 14.1102"," 14.1096"," 60.9492","46"
"Tests/Benchmarks/text/Data/Text.hs"," 68.5614"," 64.4665"," 22.2863","46"
"Tests/Benchmarks/text/Data/Text/Encoding.hs"," 71.8703"," 75.2189"," 33.5933","41"
"Tests/Benchmarks/bytestring/Data/ByteString/LazyZip.hs"," 92.8435"," 76.3226"," 57.4058","35"
"Tests/Benchmarks/esop/Base.hs"," 95.6293"," 90.8354"," 68.8753","26"
"Tests/Benchmarks/bytestring/Data/ByteString.T.hs"," 36.7709"," 31.2578"," 21.4015","15"
"Tests/Benchmarks/bytestring/Data/ByteString.hs"," 32.8084"," 27.6727"," 18.6415","14"
"Tests/Benchmarks/text/Data/Text/Internal.hs"," 4.9952"," 3.5187"," 17.0658","13"
"Tests/Benchmarks/hscolour/Language/Haskell/HsColour/LaTeX.hs"," 22.7849"," 18.4244"," 11.2061","11"
"Tests/Benchmarks/icfp_neg/TwiceM.hs"," 28.6388"," 27.1794"," 38.7821","11"
"Tests/Unit/pos/LambdaEval.hs"," 21.6091"," 21.8905"," 13.6356","8"
"Tests/Benchmarks/vect-algs/Data/Vector/Algorithms/Heap.hs"," 24.1942"," 24.5092"," 31.7217","7"
"Tests/Benchmarks/vect-algs/Data/Vector/Algorithms/Optimal.hs"," 6.5527"," 6.4456"," 14.4304","7"
"Tests/Benchmarks/text/Data/Text/Lazy/Builder.hs"," 13.1966"," 12.3776"," 6.3636","6"
"Tests/Unit/pos/jeff.hs"," 10.7548"," 9.8595"," 4.2838","6"
"Tests/Benchmarks/bytestring/Data/ByteString/Internal.hs"," 4.7992"," 4.3084"," 10.0119","5"
"Tests/Benchmarks/icfp_pos/FindRec.hs"," 13.8420"," 9.0043"," 14.7916","5"
"Tests/Unit/pos/Map.hs"," 14.2898"," 13.9903"," 19.0081","5"
"Tests/Unit/pos/Map0.hs"," 14.5376"," 14.1189"," 19.3987","5"
"Tests/Unit/pos/OrdList.hs"," 14.5703"," 15.2710"," 9.9010","5"
"Tests/Unit/pos/Map2.hs"," 15.0500"," 14.8691"," 19.5226","4"
"Tests/Benchmarks/icfp_pos/RIO2.hs"," 13.8815"," 13.3583"," 16.9687","3"
"Tests/Benchmarks/text/Data/Text/Search.hs"," 11.7346"," 12.3011"," 8.3229","3"
"Tests/Unit/eq_pos/AppendArrow.hs"," 52.7572"," 56.2571"," 53.9065","3"
"Tests/Unit/neg/StateConstraints0.hs"," 14.9442"," 14.9628"," 18.8300","3"
"Tests/Benchmarks/esop/Array.hs"," 4.0641"," 4.0028"," 1.7592","2"
"Tests/Benchmarks/esop/Splay.hs"," 7.9526"," 7.9886"," 5.2092","2"
"Tests/Benchmarks/icfp_pos/TwiceM.hs"," 5.2994"," 5.3438"," 7.8358","2"
"Tests/Unit/eq_pos/AppendVerbose.hs"," 3.3054"," 3.3599"," 1.1857","2"
"Tests/Benchmarks/bytestring/Data/ByteString/Char8.hs"," 6.0534"," 5.4509"," 4.8764","1"
"Tests/Benchmarks/hscolour/Language/Haskell/HsColour.hs"," 5.6755"," 4.8396"," 3.7875","1"
"Tests/Benchmarks/hscolour/Language/Haskell/HsColour/ACSS.hs"," 9.8836"," 8.9472"," 10.5090","1"
"Tests/Benchmarks/hscolour/Language/Haskell/HsColour/HTML.hs"," 4.6478"," 4.2309"," 3.0821","1"
"Tests/Benchmarks/icfp_neg/DBMovies.hs"," 4.0005"," 3.4433"," 2.6244","1"
"Tests/Benchmarks/icfp_neg/IfM.hs"," 6.5112"," 4.9509"," 6.4611","1"
"Tests/Benchmarks/icfp_pos/DBMovies.hs"," 4.5238"," 3.7959"," 2.8829","1"
"Tests/Benchmarks/icfp_pos/IfM.hs"," 6.1692"," 4.8886"," 6.4106","1"
"Tests/Benchmarks/icfp_pos/IfM2.hs"," 4.6050"," 3.0850"," 3.5241","1"
"Tests/Benchmarks/vect-algs/Data/Vector/Algorithms/AmericanFlag.hs"," 5.9090"," 4.6489"," 3.9934","1"
"Tests/Benchmarks/vect-algs/Data/Vector/Algorithms/Intro.hs"," 6.4753"," 6.5338"," 5.2311","1"
"Tests/Benchmarks/vect-algs/Data/Vector/Algorithms/Merge.hs"," 4.4669"," 4.4341"," 6.1200","1"
"Tests/Unit/eq_neg/Append.hs"," 2.3612"," 2.5261"," 1.1600","1"
"Tests/Unit/neg/csv.hs"," 2.9519"," 2.7616"," 1.3080","1"
"Tests/Unit/pos/BST.hs"," 7.3211"," 7.1930"," 6.0371","1"
"Tests/Unit/pos/Foldl.hs"," 5.2267"," 5.1945"," 6.4677","1"
"Tests/Unit/pos/ListMSort-LType.hs"," 3.6417"," 3.6209"," 2.2009","1"
"Tests/Unit/pos/ListMSort.hs"," 2.3306"," 2.3563"," 1.2668","1"
"Tests/Unit/pos/RBTree-col-height.hs"," 5.1579"," 5.0518"," 3.4020","1"
"Tests/Unit/pos/RBTree-ord.hs"," 7.3731"," 7.2193"," 5.5323","1"
"Tests/Unit/pos/StateConstraints0.hs"," 8.0285"," 8.2560"," 9.9467","1"
"Tests/Unit/pos/zipper.hs"," 2.9196"," 2.9313"," 1.6286","1"
"Tests/Benchmarks/bytestring/Data/ByteString/Lazy/Char8.hs"," 6.5065"," 6.0663"," 5.8915","0"
"Tests/Benchmarks/bytestring/Data/ByteString/Lazy/Internal.hs"," 1.4277"," 1.4302"," 1.4298","0"
"Tests/Benchmarks/bytestring/Data/ByteString/Unsafe.hs"," 1.9144"," 1.9365"," 1.7536","0"
"Tests/Benchmarks/esop/Fib.hs"," 1.7214"," 1.7539"," 1.1119","0"
"Tests/Benchmarks/esop/GhcListSort.hs"," 4.4292"," 4.3237"," 3.9761","0"
"Tests/Benchmarks/esop/ListSort.hs"," 2.6867"," 2.6261"," 1.9055","0"
"Tests/Benchmarks/esop/Toy.hs"," 1.2977"," 1.2601"," 1.2300","0"
"Tests/Benchmarks/hscolour/Language/Haskell/HsColour/ANSI.hs"," 1.5467"," 1.5532"," 1.5191","0"
"Tests/Benchmarks/hscolour/Language/Haskell/HsColour/CSS.hs"," 1.3829"," 1.4619"," 1.4434","0"
"Tests/Benchmarks/hscolour/Language/Haskell/HsColour/ColourHighlight.hs"," 2.4447"," 2.3818"," 2.2727","0"
"Tests/Benchmarks/hscolour/Language/Haskell/HsColour/Colourise.hs"," 2.3675"," 2.5275"," 2.5246","0"
"Tests/Benchmarks/hscolour/Language/Haskell/HsColour/General.hs"," 0.6943"," 0.7207"," 0.7451","0"
"Tests/Benchmarks/hscolour/Language/Haskell/HsColour/InlineCSS.hs"," 1.4792"," 1.4884"," 1.5086","0"
"Tests/Benchmarks/hscolour/Language/Haskell/HsColour/MIRC.hs"," 2.9217"," 2.4017"," 1.9565","0"
"Tests/Benchmarks/hscolour/Language/Haskell/HsColour/Options.hs"," 0.7494"," 0.7760"," 0.7621","0"
"Tests/Benchmarks/hscolour/Language/Haskell/HsColour/Output.hs"," 0.8518"," 0.9108"," 0.8352","0"
"Tests/Benchmarks/hscolour/Language/Haskell/HsColour/TTY.hs"," 1.0476"," 1.0724"," 1.0958","0"
"Tests/Benchmarks/hscolour/Setup.hs"," 0.6601"," 0.6743"," 0.6548","0"
"Tests/Benchmarks/icfp_neg/Composition.hs"," 0.7900"," 0.8173"," 0.7574","0"
"Tests/Benchmarks/icfp_neg/Records.hs"," 0.8218"," 0.7976"," 0.7952","0"
"Tests/Benchmarks/icfp_neg/TestM.hs"," 0.7821"," 0.7736"," 0.7585","0"
"Tests/Benchmarks/icfp_neg/WhileM.hs"," 1.0931"," 1.0355"," 0.9588","0"
"Tests/Benchmarks/icfp_pos/Append.hs"," 0.9434"," 0.9779"," 0.9298","0"
"Tests/Benchmarks/icfp_pos/CompareConstraints.hs"," 1.0753"," 1.0970"," 0.8866","0"
"Tests/Benchmarks/icfp_pos/Composition.hs"," 0.8110"," 0.8246"," 0.7566","0"
"Tests/Benchmarks/icfp_pos/Filter.lhs"," 0.8870"," 0.8860"," 0.8736","0"
"Tests/Benchmarks/icfp_pos/FoldAbs.hs"," 5.0266"," 4.9181"," 5.4453","0"
"Tests/Benchmarks/icfp_pos/ICFP15.lhs"," 1.3248"," 1.3142"," 1.2419","0"
"Tests/Benchmarks/icfp_pos/Incr.hs"," 1.1968"," 0.9673"," 1.4134","0"
"Tests/Benchmarks/icfp_pos/Overview.lhs"," 5.5104"," 5.4093"," 5.8916","0"
"Tests/Benchmarks/icfp_pos/Privileges.hs"," 0.7067"," 0.7297"," 0.7252","0"
"Tests/Benchmarks/icfp_pos/TestM.hs"," 0.7423"," 0.7559"," 0.7254","0"
"Tests/Benchmarks/icfp_pos/WhileM.hs"," 0.7822"," 0.7937"," 0.7946","0"
"Tests/Benchmarks/icfp_pos/WhileTest.hs"," 1.2162"," 1.0175"," 0.9628","0"
"Tests/Benchmarks/icfp_pos/dropwhile.hs"," 0.8747"," 0.8529"," 0.8492","0"
"Tests/Benchmarks/text/Data/Text/Array.hs"," 1.5439"," 1.7222"," 1.6942","0"
"Tests/Benchmarks/text/Data/Text/Foreign.hs"," 3.0776"," 3.0272"," 2.5749","0"
"Tests/Benchmarks/text/Data/Text/Fusion/Size.hs"," 1.9838"," 1.5536"," 1.2878","0"
"Tests/Benchmarks/text/Data/Text/Lazy/Encoding.hs"," 7.2732"," 7.3071"," 6.6576","0"
"Tests/Benchmarks/text/Data/Text/Lazy/Internal.hs"," 3.1864"," 3.3505"," 3.2104","0"
"Tests/Benchmarks/text/Data/Text/Private.hs"," 1.9353"," 2.1072"," 1.8736","0"
"Tests/Benchmarks/text/Data/Text/Unsafe.hs"," 2.4879"," 2.7116"," 1.9361","0"
"Tests/Benchmarks/text/Data/Text/UnsafeChar.hs"," 2.9527"," 3.1121"," 2.2503","0"
"Tests/Benchmarks/text/Setup.lhs"," 0.6156"," 0.7065"," 0.6714","0"
"Tests/Benchmarks/vect-algs/Data/Vector/Algorithms/Combinators.hs"," 0.6718"," 0.6961"," 0.6994","0"
"Tests/Benchmarks/vect-algs/Data/Vector/Algorithms/Common.hs"," 0.9823"," 1.0392"," 1.0005","0"
"Tests/Benchmarks/vect-algs/Data/Vector/Algorithms/Insertion.hs"," 1.2944"," 1.3234"," 1.3446","0"
"Tests/Benchmarks/vect-algs/Data/Vector/Algorithms/Radix.hs"," 2.9413"," 2.5981"," 2.3973","0"
"Tests/Benchmarks/vect-algs/Data/Vector/Algorithms/Search.hs"," 3.9284"," 3.9289"," 3.5654","0"
"Tests/Benchmarks/vect-algs/Data/Vector/Algorithms/Termination.hs"," 0.9307"," 0.9383"," 0.9612","0"
"Tests/Benchmarks/vect-algs/Setup.lhs"," 0.6866"," 0.6959"," 0.7029","0"
"Tests/Unit/crash/AbsRef.hs"," 0.6828"," 0.6719"," 0.6483","0"
"Tests/Unit/crash/Assume.hs"," 0.6923"," 0.6425"," 0.6253","0"
"Tests/Unit/crash/Assume1.hs"," 0.7135"," 0.6720"," 0.6569","0"
"Tests/Unit/crash/Ast.hs"," 0.7536"," 0.6713"," 0.6652","0"
"Tests/Unit/crash/BadExprArg.hs"," 0.7818"," 0.6511"," 0.6316","0"
"Tests/Unit/crash/BadSyn1.hs"," 0.7251"," 0.5960"," 0.5724","0"
"Tests/Unit/crash/BadSyn2.hs"," 0.7115"," 0.6045"," 0.5801","0"
"Tests/Unit/crash/BadSyn3.hs"," 0.6738"," 0.5849"," 0.5812","0"
"Tests/Unit/crash/BadSyn4.hs"," 0.5845"," 0.5841"," 0.6001","0"
"Tests/Unit/crash/CyclicExprAlias0.hs"," 0.6049"," 0.5797"," 0.5531","0"
"Tests/Unit/crash/CyclicExprAlias1.hs"," 0.6262"," 0.5736"," 0.5535","0"
"Tests/Unit/crash/CyclicExprAlias2.hs"," 0.6792"," 0.5695"," 0.5732","0"
"Tests/Unit/crash/CyclicExprAlias3.hs"," 0.5884"," 0.5763"," 0.5562","0"
"Tests/Unit/crash/CyclicPredAlias0.hs"," 0.5915"," 0.5593"," 0.5550","0"
"Tests/Unit/crash/CyclicPredAlias1.hs"," 0.6732"," 0.5706"," 0.5607","0"
"Tests/Unit/crash/CyclicPredAlias2.hs"," 0.5819"," 0.5787"," 0.5865","0"
"Tests/Unit/crash/CyclicPredAlias3.hs"," 0.5471"," 0.5676"," 0.5579","0"
"Tests/Unit/crash/CyclicTypeAlias0.hs"," 0.5546"," 0.5649"," 0.5643","0"
"Tests/Unit/crash/CyclicTypeAlias1.hs"," 0.5752"," 0.5827"," 0.5610","0"
"Tests/Unit/crash/CyclicTypeAlias2.hs"," 0.5359"," 0.5756"," 0.5896","0"
"Tests/Unit/crash/CyclicTypeAlias3.hs"," 0.5667"," 0.5630"," 0.5638","0"
"Tests/Unit/crash/FunRef1.hs"," 0.7229"," 0.6487"," 0.6558","0"
"Tests/Unit/crash/FunRef2.hs"," 0.7695"," 0.6538"," 0.6628","0"
"Tests/Unit/crash/HaskellMeasure.hs"," 0.6654"," 0.6226"," 0.6124","0"
"Tests/Unit/crash/LocalHole.hs"," 0.6894"," 0.6406"," 0.6259","0"
"Tests/Unit/crash/LocalTermExpr.hs"," 0.7357"," 0.6569"," 0.6381","0"
"Tests/Unit/crash/Mismatch.hs"," 0.7539"," 0.6296"," 0.6136","0"
"Tests/Unit/crash/MultipleRecordSelectors.hs"," 0.8127"," 0.6659"," 0.6636","0"
"Tests/Unit/crash/Qualif.hs"," 0.7707"," 0.6541"," 0.6052","0"
"Tests/Unit/crash/RClass.hs"," 0.8134"," 0.6619"," 0.6541","0"
"Tests/Unit/crash/T649.hs"," 0.8038"," 0.6731"," 0.6731","0"
"Tests/Unit/crash/Unbound.hs"," 0.7522"," 0.6499"," 0.6306","0"
"Tests/Unit/crash/errmsg-dc-num.hs"," 0.6495"," 0.6125"," 0.6041","0"
"Tests/Unit/crash/errmsg-dc-type.hs"," 0.7054"," 0.6054"," 0.6109","0"
"Tests/Unit/crash/errmsg-mismatch.hs"," 0.7132"," 0.6321"," 0.6478","0"
"Tests/Unit/crash/funref.hs"," 0.7116"," 0.6394"," 0.6404","0"
"Tests/Unit/crash/hole-crash1.hs"," 0.6378"," 0.6531"," 0.6249","0"
"Tests/Unit/crash/hole-crash2.hs"," 0.6018"," 0.6044"," 0.5916","0"
"Tests/Unit/crash/hole-crash3.hs"," 0.6093"," 0.6096"," 0.6015","0"
"Tests/Unit/crash/issue594.hs"," 0.7128"," 0.6518"," 0.6313","0"
"Tests/Unit/crash/num-float-error.hs"," 0.7433"," 0.6639"," 0.6409","0"
"Tests/Unit/crash/num-float-error1.hs"," 0.7304"," 0.6425"," 0.6418","0"
"Tests/Unit/crash/predparams.hs"," 0.6984"," 0.5913"," 0.5726","0"
"Tests/Unit/crash/typeAliasDup.hs"," 0.8058"," 0.7085"," 0.6971","0"
"Tests/Unit/eq_pos/AppendAxiom.hs"," 0.9417"," 1.0373"," 0.9680","0"
"Tests/Unit/eq_pos/Arrow.hs"," 0.6631"," 0.6527"," 0.6542","0"
"Tests/Unit/eq_pos/BasicLambdas.hs"," 1.0132"," 1.0857"," 1.0112","0"
"Tests/Unit/eq_pos/ConcatMap.hs"," 4.2933"," 4.5068"," 4.3987","0"
"Tests/Unit/eq_pos/Equational.hs"," 0.8801"," 0.9040"," 0.8808","0"
"Tests/Unit/eq_pos/MapAppend.hs"," 0.0000"," 0.0000"," 0.0000","0"
"Tests/Unit/eq_pos/MonadicLaws.hs"," 3.3978"," 3.3483"," 3.3708","0"
"Tests/Unit/eq_pos/MonadicLawsMaybe.hs"," 1.1262"," 1.1118"," 1.0860","0"
"Tests/Unit/eq_pos/MonadicLawsMaybeAssoc.hs"," 1.1945"," 1.0730"," 1.0539","0"
"Tests/Unit/error/crash/TerminationExpr.hs"," 0.6510"," 0.6553"," 0.6407","0"
"Tests/Unit/error/crash/TerminationExpr1.hs"," 0.6163"," 0.6275"," 0.6468","0"
"Tests/Unit/neg/AbsApp.hs"," 0.8254"," 0.6980"," 0.6703","0"
"Tests/Unit/neg/Ast.hs"," 0.8213"," 0.7216"," 0.7129","0"
"Tests/Unit/neg/AutoSize.hs"," 0.7924"," 0.6810"," 0.6834","0"
"Tests/Unit/neg/BadHMeas.hs"," 0.6714"," 0.6796"," 0.6703","0"
"Tests/Unit/neg/Baz.hs"," 0.7101"," 0.6964"," 0.6670","0"
"Tests/Unit/neg/BigNum.hs"," 0.7358"," 0.6787"," 0.6599","0"
"Tests/Unit/neg/Books.hs"," 0.7966"," 0.7706"," 0.7382","0"
"Tests/Unit/neg/CastedTotality.hs"," 0.7624"," 0.7698"," 0.7132","0"
"Tests/Unit/neg/Class1.hs"," 0.8840"," 0.8663"," 0.8119","0"
"Tests/Unit/neg/Class2.hs"," 0.8003"," 0.7657"," 0.7615","0"
"Tests/Unit/neg/Class3.hs"," 0.7848"," 0.7597"," 0.7114","0"
"Tests/Unit/neg/Class4.hs"," 0.7897"," 0.7366"," 0.6891","0"
"Tests/Unit/neg/Class5.hs"," 0.8092"," 0.7159"," 0.6615","0"
"Tests/Unit/neg/CompareConstraints.hs"," 1.3799"," 1.1736"," 0.9040","0"
"Tests/Unit/neg/Constraints.hs"," 0.8170"," 0.7238"," 0.6906","0"
"Tests/Unit/neg/ConstraintsAppend.hs"," 1.2255"," 1.2646"," 1.1397","0"
"Tests/Unit/neg/Eval.hs"," 0.8013"," 0.8019"," 0.7876","0"
"Tests/Unit/neg/Even.hs"," 0.6774"," 0.7150"," 0.6802","0"
"Tests/Unit/neg/FunSoundness.hs"," 0.6586"," 0.6740"," 0.7120","0"
"Tests/Unit/neg/GADTs.hs"," 0.6867"," 0.6969"," 0.6875","0"
"Tests/Unit/neg/GeneralizedTermination.hs"," 0.7521"," 0.7432"," 0.7161","0"
"Tests/Unit/neg/Gradual.hs"," 0.6711"," 0.6729"," 0.6682","0"
"Tests/Unit/neg/HasElem.hs"," 0.6702"," 0.7179"," 0.6943","0"
"Tests/Unit/neg/HolesTop.hs"," 0.6664"," 0.7138"," 0.6929","0"
"Tests/Unit/neg/LazyWhere.hs"," 0.7011"," 0.7079"," 0.6965","0"
"Tests/Unit/neg/LazyWhere1.hs"," 0.6950"," 0.7158"," 0.7018","0"
"Tests/Unit/neg/LiquidClass.hs"," 0.6753"," 0.7109"," 0.6617","0"
"Tests/Unit/neg/LiquidClass1.hs"," 0.6671"," 0.7008"," 0.6731","0"
"Tests/Unit/neg/ListConcat.hs"," 0.6665"," 0.7191"," 0.7085","0"
"Tests/Unit/neg/ListElem.hs"," 0.6656"," 0.7133"," 0.7419","0"
"Tests/Unit/neg/ListISort-LType.hs"," 0.8659"," 0.8864"," 0.8611","0"
"Tests/Unit/neg/ListISort.hs"," 1.2683"," 1.2830"," 1.0671","0"
"Tests/Unit/neg/ListKeys.hs"," 0.7026"," 0.7303"," 0.7264","0"
"Tests/Unit/neg/ListMSort.hs"," 2.2740"," 2.3110"," 1.6819","0"
"Tests/Unit/neg/ListQSort.hs"," 1.0679"," 1.1141"," 1.0460","0"
"Tests/Unit/neg/ListRange.hs"," 0.7380"," 0.7654"," 0.7804","0"
"Tests/Unit/neg/LocalSpec.hs"," 0.6830"," 0.7220"," 0.7150","0"
"Tests/Unit/neg/MeasureContains.hs"," 0.7112"," 0.7333"," 0.8200","0"
"Tests/Unit/neg/MeasureDups.hs"," 0.7345"," 0.7653"," 0.8588","0"
"Tests/Unit/neg/MergeSort.hs"," 2.0605"," 2.1238"," 1.3438","0"
"Tests/Unit/neg/NoExhaustiveGuardsError.hs"," 0.6780"," 0.6872"," 0.7814","0"
"Tests/Unit/neg/NoMethodBindingError.hs"," 0.6274"," 0.6504"," 0.7176","0"
"Tests/Unit/neg/PairMeasure.hs"," 0.6885"," 0.7029"," 0.7558","0"
"Tests/Unit/neg/Propability.hs"," 0.9123"," 0.9566"," 0.8939","0"
"Tests/Unit/neg/Propability0.hs"," 0.6996"," 0.7481"," 0.7487","0"
"Tests/Unit/neg/RG.hs"," 0.9912"," 1.0422"," 1.2135","0"
"Tests/Unit/neg/RecQSort.hs"," 0.8605"," 0.8938"," 0.9029","0"
"Tests/Unit/neg/RecSelector.hs"," 0.6549"," 0.6789"," 0.7287","0"
"Tests/Unit/neg/SafePartialFunctions.hs"," 0.6918"," 0.7189"," 0.7686","0"
"Tests/Unit/neg/Solver.hs"," 1.1247"," 1.1037"," 1.1956","0"
"Tests/Unit/neg/StateConstraints.hs"," 1.2433"," 1.2537"," 1.2954","0"
"Tests/Unit/neg/StateConstraints00.hs"," 0.6791"," 0.6876"," 0.7078","0"
"Tests/Unit/neg/Strata.hs"," 0.6523"," 0.6794"," 0.6898","0"
"Tests/Unit/neg/StreamInvariants.hs"," 0.6622"," 0.6888"," 0.7383","0"
"Tests/Unit/neg/StrictPair0.hs"," 0.6820"," 0.6928"," 0.7305","0"
"Tests/Unit/neg/StrictPair1.hs"," 0.8552"," 0.9041"," 0.9394","0"
"Tests/Unit/neg/Strings.hs"," 0.6682"," 0.6906"," 0.7159","0"
"Tests/Unit/neg/Sum.hs"," 0.7439"," 0.7631"," 0.7802","0"
"Tests/Unit/neg/T602.hs"," 0.6645"," 0.6857"," 0.7146","0"
"Tests/Unit/neg/TermReal.hs"," 0.6593"," 0.6863"," 0.7180","0"
"Tests/Unit/neg/TerminationNum.hs"," 0.6888"," 0.7007"," 0.7257","0"
"Tests/Unit/neg/TerminationNum0.hs"," 0.6806"," 0.7054"," 0.7455","0"
"Tests/Unit/neg/TopLevel.hs"," 0.6752"," 0.7244"," 0.7576","0"
"Tests/Unit/neg/Variance.hs"," 0.6991"," 0.7122"," 0.7535","0"
"Tests/Unit/neg/Variance1.hs"," 0.7012"," 0.6895"," 0.7672","0"
"Tests/Unit/neg/alias00.hs"," 0.7886"," 0.6807"," 0.6874","0"
"Tests/Unit/neg/ass0.hs"," 0.8010"," 0.6776"," 0.6730","0"
"Tests/Unit/neg/concat.hs"," 1.0897"," 0.9302"," 0.8486","0"
"Tests/Unit/neg/concat1.hs"," 1.2639"," 1.1237"," 0.9446","0"
"Tests/Unit/neg/concat2.hs"," 1.2519"," 1.0525"," 0.9585","0"
"Tests/Unit/neg/contra0.hs"," 0.8265"," 0.7659"," 0.7570","0"
"Tests/Unit/neg/coretologic.hs"," 0.8082"," 0.7152"," 0.6952","0"
"Tests/Unit/neg/datacon-eq.hs"," 0.7966"," 0.6705"," 0.6476","0"
"Tests/Unit/neg/deppair0.hs"," 0.8731"," 0.7623"," 0.8037","0"
"Tests/Unit/neg/deptupW.hs"," 0.9290"," 0.7771"," 0.7525","0"
"Tests/Unit/neg/elim000.hs"," 0.8081"," 0.6884"," 0.6934","0"
"Tests/Unit/neg/errmsg.hs"," 0.7887"," 0.7319"," 0.7264","0"
"Tests/Unit/neg/errorloc.hs"," 0.7941"," 0.7159"," 0.6939","0"
"Tests/Unit/neg/ex0-unsafe.hs"," 0.7747"," 0.7850"," 0.7376","0"
"Tests/Unit/neg/ex1-unsafe.hs"," 0.8685"," 0.7633"," 0.7522","0"
"Tests/Unit/neg/filterAbs.hs"," 0.8498"," 0.8878"," 0.8391","0"
"Tests/Unit/neg/foldN.hs"," 0.6954"," 0.7291"," 0.6986","0"
"Tests/Unit/neg/foldN1.hs"," 0.7067"," 0.7187"," 0.6911","0"
"Tests/Unit/neg/grty0.hs"," 0.6756"," 0.6993"," 0.6717","0"
"Tests/Unit/neg/grty1.hs"," 0.7791"," 0.8440"," 0.7284","0"
"Tests/Unit/neg/grty2.hs"," 0.7660"," 0.8398"," 0.7824","0"
"Tests/Unit/neg/grty3.hs"," 0.6581"," 0.6924"," 0.6852","0"
"Tests/Unit/neg/inc2.hs"," 0.6781"," 0.6767"," 0.6596","0"
"Tests/Unit/neg/list00.hs"," 0.7151"," 0.7369"," 0.7182","0"
"Tests/Unit/neg/listne.hs"," 0.6415"," 0.6803"," 0.6546","0"
"Tests/Unit/neg/lit.hs"," 0.6471"," 0.6666"," 0.6861","0"
"Tests/Unit/neg/mapreduce-tiny.hs"," 0.7554"," 0.7753"," 0.7924","0"
"Tests/Unit/neg/mapreduce.hs"," 1.8294"," 1.7726"," 1.9532","0"
"Tests/Unit/neg/maps.hs"," 0.7473"," 0.7724"," 0.7455","0"
"Tests/Unit/neg/meas0.hs"," 0.7131"," 0.7292"," 0.7134","0"
"Tests/Unit/neg/meas2.hs"," 0.7097"," 0.7329"," 0.7081","0"
"Tests/Unit/neg/meas3.hs"," 0.7009"," 0.7382"," 0.7302","0"
"Tests/Unit/neg/meas5.hs"," 1.1859"," 1.2038"," 1.1091","0"
"Tests/Unit/neg/meas7.hs"," 0.6751"," 0.6989"," 0.7237","0"
"Tests/Unit/neg/meas9.hs"," 0.6959"," 0.7248"," 0.7318","0"
"Tests/Unit/neg/monad3.hs"," 0.7809"," 0.8192"," 0.8896","0"
"Tests/Unit/neg/monad4.hs"," 0.7770"," 0.8037"," 0.9228","0"
"Tests/Unit/neg/monad5.hs"," 0.7742"," 0.7747"," 0.8917","0"
"Tests/Unit/neg/monad6.hs"," 0.7137"," 0.7490"," 0.9886","0"
"Tests/Unit/neg/monad7.hs"," 0.8580"," 0.9151"," 1.0216","0"
"Tests/Unit/neg/mr00.hs"," 0.7978"," 0.8350"," 0.9787","0"
"Tests/Unit/neg/multi-pred-app-00.hs"," 0.6485"," 0.6919"," 0.7699","0"
"Tests/Unit/neg/nestedRecursion.hs"," 0.6920"," 0.6862"," 0.8147","0"
"Tests/Unit/neg/pair.hs"," 1.4655"," 1.4050"," 1.5430","0"
"Tests/Unit/neg/pair0.hs"," 1.3685"," 1.3326"," 1.3894","0"
"Tests/Unit/neg/pargs.hs"," 0.6389"," 0.6665"," 0.7729","0"
"Tests/Unit/neg/pargs1.hs"," 0.6709"," 0.6777"," 0.7602","0"
"Tests/Unit/neg/partial.hs"," 0.6867"," 0.6974"," 0.8030","0"
"Tests/Unit/neg/poly0.hs"," 0.7163"," 0.7694"," 0.8400","0"
"Tests/Unit/neg/poly1.hs"," 0.7317"," 0.7434"," 0.8007","0"
"Tests/Unit/neg/poly2-degenerate.hs"," 0.7452"," 0.7343"," 0.7842","0"
"Tests/Unit/neg/poly2.hs"," 0.7073"," 0.7456"," 0.7702","0"
"Tests/Unit/neg/polypred.hs"," 0.6934"," 0.7119"," 0.7798","0"
"Tests/Unit/neg/poslist.hs"," 0.9230"," 0.9263"," 0.9086","0"
"Tests/Unit/neg/pragma0-unsafe.hs"," 0.6433"," 0.6665"," 0.7242","0"
"Tests/Unit/neg/pred.hs"," 0.6167"," 0.6163"," 0.6306","0"
"Tests/Unit/neg/prune0.hs"," 0.6980"," 0.7347"," 0.7831","0"
"Tests/Unit/neg/qsloop.hs"," 0.8174"," 0.8564"," 0.9241","0"
"Tests/Unit/neg/range.hs"," 1.1302"," 1.1529"," 1.1051","0"
"Tests/Unit/neg/record0.hs"," 0.6447"," 0.6991"," 0.7421","0"
"Tests/Unit/neg/revshape.hs"," 0.6980"," 0.7043"," 0.7620","0"
"Tests/Unit/neg/risers.hs"," 0.7455"," 0.7774"," 0.8174","0"
"Tests/Unit/neg/stacks.hs"," 0.9570"," 0.9794"," 1.0387","0"
"Tests/Unit/neg/state0.hs"," 0.6756"," 0.7087"," 0.7368","0"
"Tests/Unit/neg/state00.hs"," 0.7030"," 0.7263"," 0.7436","0"
"Tests/Unit/neg/string00.hs"," 0.6747"," 0.7245"," 0.8194","0"
"Tests/Unit/neg/sumPoly.hs"," 0.6879"," 0.7058"," 0.7443","0"
"Tests/Unit/neg/sumk.hs"," 0.6865"," 0.6891"," 0.7763","0"
"Tests/Unit/neg/test00.hs"," 0.6996"," 0.7415"," 0.7939","0"
"Tests/Unit/neg/test00a.hs"," 0.7223"," 0.7159"," 0.7766","0"
"Tests/Unit/neg/test00b.hs"," 0.7081"," 0.7588"," 0.7627","0"
"Tests/Unit/neg/test00c.hs"," 0.6363"," 0.6572"," 0.7066","0"
"Tests/Unit/neg/test1.hs"," 0.7133"," 0.7314"," 0.7581","0"
"Tests/Unit/neg/test2.hs"," 0.7037"," 0.7455"," 0.8408","0"
"Tests/Unit/neg/testRec.hs"," 0.6852"," 0.7440"," 0.8253","0"
"Tests/Unit/neg/trans.hs"," 1.3905"," 1.4286"," 1.5196","0"
"Tests/Unit/neg/truespec.hs"," 0.6950"," 0.7380"," 0.7685","0"
"Tests/Unit/neg/tyclass0-unsafe.hs"," 0.6648"," 0.6861"," 0.7319","0"
"Tests/Unit/neg/vector0.hs"," 0.9200"," 0.9785"," 0.9413","0"
"Tests/Unit/neg/vector00.hs"," 0.7482"," 0.7768"," 0.8500","0"
"Tests/Unit/neg/vector0a.hs"," 0.7768"," 0.8390"," 0.9486","0"
"Tests/Unit/neg/vector1a.hs"," 0.9599"," 1.0124"," 1.0600","0"
"Tests/Unit/neg/vector2.hs"," 1.2998"," 1.3458"," 1.5035","0"
"Tests/Unit/neg/wrap0.hs"," 0.7443"," 0.8062"," 0.8222","0"
"Tests/Unit/neg/wrap1.hs"," 0.9193"," 0.9259"," 1.0089","0"
"Tests/Unit/parser/pos/Parens.hs"," 0.6602"," 0.6856"," 0.6689","0"
"Tests/Unit/parser/pos/TokensAsPrefixes.hs"," 0.6767"," 0.6957"," 0.7098","0"
"Tests/Unit/pos/AVL.hs"," 2.0079"," 2.0147"," 1.6661","0"
"Tests/Unit/pos/AVLRJ.hs"," 2.2632"," 2.2904"," 1.8009","0"
"Tests/Unit/pos/Abs.hs"," 0.6846"," 0.6877"," 0.7389","0"
"Tests/Unit/pos/Ackermann.hs"," 0.7509"," 0.7614"," 0.8079","0"
"Tests/Unit/pos/AmortizedQueue.hs"," 0.8174"," 0.8345"," 0.8568","0"
"Tests/Unit/pos/Assume.hs"," 0.6651"," 0.6952"," 0.7418","0"
"Tests/Unit/pos/AssumedRecursive.hs"," 0.6658"," 0.6815"," 0.7279","0"
"Tests/Unit/pos/AutoSize.hs"," 0.6610"," 0.6898"," 0.7597","0"
"Tests/Unit/pos/Avg.hs"," 0.6831"," 0.7060"," 0.7518","0"
"Tests/Unit/pos/BST000.hs"," 1.5684"," 1.6018"," 1.3145","0"
"Tests/Unit/pos/BinarySearch.hs"," 0.8033"," 0.8346"," 0.9196","0"
"Tests/Unit/pos/Books.hs"," 0.7112"," 0.7530"," 0.8191","0"
"Tests/Unit/pos/Class.hs"," 0.9526"," 0.9546"," 0.9986","0"
"Tests/Unit/pos/Class2.hs"," 0.6637"," 0.6882"," 0.7314","0"
"Tests/Unit/pos/ClassReg.hs"," 0.6625"," 0.6806"," 0.7904","0"
"Tests/Unit/pos/ClojurVector.hs"," 0.8967"," 0.9281"," 0.9643","0"
"Tests/Unit/pos/Coercion.hs"," 0.6704"," 0.7011"," 0.7403","0"
"Tests/Unit/pos/CompareConstraints.hs"," 1.0426"," 1.0995"," 0.9612","0"
"Tests/Unit/pos/Constraints.hs"," 0.7183"," 0.7604"," 0.7761","0"
"Tests/Unit/pos/ConstraintsAppend.hs"," 1.1265"," 1.1806"," 1.2208","0"
"Tests/Unit/pos/CountMonad.hs"," 0.8107"," 0.7993"," 0.7995","0"
"Tests/Unit/pos/DB00.hs"," 0.6277"," 0.6977"," 0.7278","0"
"Tests/Unit/pos/DataBase.hs"," 0.7162"," 0.7172"," 0.7478","0"
"Tests/Unit/pos/Eval.hs"," 0.7776"," 0.8045"," 0.8652","0"
"Tests/Unit/pos/Even.hs"," 0.6444"," 0.6984"," 0.7465","0"
"Tests/Unit/pos/Even0.hs"," 0.6546"," 0.6886"," 0.7602","0"
"Tests/Unit/pos/FFI.hs"," 0.7478"," 0.7785"," 0.8588","0"
"Tests/Unit/pos/Foo.hs"," 0.6340"," 0.6921"," 0.6872","0"
"Tests/Unit/pos/Fractional.hs"," 0.6547"," 0.6776"," 0.7133","0"
"Tests/Unit/pos/GADTs.hs"," 0.6554"," 0.6960"," 0.7757","0"
"Tests/Unit/pos/GCD.hs"," 0.8922"," 0.9176"," 0.8696","0"
"Tests/Unit/pos/GeneralizedTermination.hs"," 0.7845"," 0.7880"," 0.7900","0"
"Tests/Unit/pos/GhcListSort.hs"," 5.5847"," 5.4340"," 5.5260","0"
"Tests/Unit/pos/GhcSort1.hs"," 2.9264"," 2.9123"," 2.5467","0"
"Tests/Unit/pos/GhcSort2.hs"," 1.5389"," 1.5259"," 1.3151","0"
"Tests/Unit/pos/GhcSort3.T.hs"," 1.4246"," 1.4538"," 1.2966","0"
"Tests/Unit/pos/GhcSort3.hs"," 2.8143"," 2.9255"," 2.7769","0"
"Tests/Unit/pos/Goo.hs"," 0.6707"," 0.7066"," 0.7085","0"
"Tests/Unit/pos/GoodHMeas.hs"," 0.6748"," 0.6869"," 0.7052","0"
"Tests/Unit/pos/Gradual.hs"," 0.0000"," 0.0001"," 0.0000","0"
"Tests/Unit/pos/Graph.hs"," 0.9140"," 0.9170"," 0.9385","0"
"Tests/Unit/pos/HasElem.hs"," 0.6656"," 0.7096"," 0.7012","0"
"Tests/Unit/pos/HaskellMeasure.hs"," 0.6652"," 0.7196"," 0.6854","0"
"Tests/Unit/pos/HedgeUnion.hs"," 0.7585"," 0.7866"," 0.7800","0"
"Tests/Unit/pos/HigherOrderRecFun.hs"," 0.6604"," 0.7078"," 0.6660","0"
"Tests/Unit/pos/Holes.hs"," 0.7480"," 0.7831"," 0.7278","0"
"Tests/Unit/pos/IcfpDemo.hs"," 0.8235"," 0.8382"," 0.9107","0"
"Tests/Unit/pos/Infinity.hs"," 0.7157"," 0.7468"," 0.7135","0"
"Tests/Unit/pos/Invariants.hs"," 0.7311"," 0.7846"," 0.7627","0"
"Tests/Unit/pos/Keys.hs"," 0.7170"," 0.7190"," 0.7573","0"
"Tests/Unit/pos/LambdaDeBruijn.hs"," 1.6411"," 1.5604"," 1.2431","0"
"Tests/Unit/pos/LambdaEvalMini.hs"," 3.2352"," 3.1994"," 2.5330","0"
"Tests/Unit/pos/LambdaEvalSuperTiny.hs"," 1.2443"," 1.3006"," 0.9585","0"
"Tests/Unit/pos/LambdaEvalTiny.hs"," 1.3496"," 1.3521"," 1.0513","0"
"Tests/Unit/pos/LazyWhere.hs"," 0.6931"," 0.7171"," 0.7231","0"
"Tests/Unit/pos/LazyWhere1.hs"," 0.6642"," 0.7182"," 0.7158","0"
"Tests/Unit/pos/LiquidArray.hs"," 0.6826"," 0.6960"," 0.6770","0"
"Tests/Unit/pos/LiquidClass.hs"," 0.6598"," 0.6934"," 0.6690","0"
"Tests/Unit/pos/ListConcat.hs"," 0.7106"," 0.7154"," 0.7079","0"
"Tests/Unit/pos/ListElem.hs"," 0.6887"," 0.7102"," 0.6970","0"
"Tests/Unit/pos/ListISort-LType.hs"," 1.1735"," 1.1850"," 1.0542","0"
"Tests/Unit/pos/ListISort.hs"," 0.7892"," 0.8170"," 0.7743","0"
"Tests/Unit/pos/ListKeys.hs"," 0.7011"," 0.7244"," 0.6862","0"
"Tests/Unit/pos/ListLen-LType.hs"," 1.1133"," 1.1868"," 1.0268","0"
"Tests/Unit/pos/ListLen.hs"," 1.2148"," 1.2579"," 1.0834","0"
"Tests/Unit/pos/ListQSort-LType.hs"," 1.2459"," 1.2753"," 1.2122","0"
"Tests/Unit/pos/ListQSort.hs"," 1.3081"," 1.3819"," 1.2650","0"
"Tests/Unit/pos/ListRange-LType.hs"," 0.8188"," 0.8216"," 0.8336","0"
"Tests/Unit/pos/ListRange.hs"," 0.7911"," 0.8320"," 0.9125","0"
"Tests/Unit/pos/ListReverse-LType.hs"," 0.6981"," 0.7359"," 0.9056","0"
"Tests/Unit/pos/ListSort.hs"," 2.7071"," 2.7651"," 1.9323","0"
"Tests/Unit/pos/LocalHole.hs"," 0.7249"," 0.7450"," 0.8467","0"
"Tests/Unit/pos/LocalLazy.hs"," 0.6865"," 0.7292"," 0.8021","0"
"Tests/Unit/pos/LocalSpec.hs"," 0.6950"," 0.7112"," 0.7869","0"
"Tests/Unit/pos/LocalSpec0.hs"," 0.6600"," 0.6695"," 0.8036","0"
"Tests/Unit/pos/LocalSpecImp.hs"," 0.6520"," 0.6929"," 0.7112","0"
"Tests/Unit/pos/LocalTermExpr.hs"," 0.7209"," 0.7638"," 0.7468","0"
"Tests/Unit/pos/Loo.hs"," 0.6853"," 0.6882"," 0.6847","0"
"Tests/Unit/pos/MeasureContains.hs"," 0.7430"," 0.7555"," 0.7298","0"
"Tests/Unit/pos/MeasureDups.hs"," 0.7111"," 0.7541"," 0.7478","0"
"Tests/Unit/pos/MeasureSets.hs"," 0.6809"," 0.7050"," 0.6979","0"
"Tests/Unit/pos/Measures.hs"," 0.6428"," 0.6702"," 0.6906","0"
"Tests/Unit/pos/Measures1.hs"," 0.6597"," 0.6882"," 0.6773","0"
"Tests/Unit/pos/Merge1.hs"," 0.7783"," 0.8102"," 0.7222","0"
"Tests/Unit/pos/MergeSort.hs"," 2.0819"," 2.0942"," 1.1928","0"
"Tests/Unit/pos/Mod1.hs"," 0.6598"," 0.6915"," 0.6615","0"
"Tests/Unit/pos/Mod2.hs"," 0.6432"," 0.6865"," 0.6723","0"
"Tests/Unit/pos/Moo.hs"," 0.6695"," 0.6645"," 0.6691","0"
"Tests/Unit/pos/MutualRec.hs"," 1.8111"," 1.7764"," 1.9118","0"
"Tests/Unit/pos/NoCaseExpand.hs"," 0.9889"," 0.9832"," 0.9650","0"
"Tests/Unit/pos/NoExhaustiveGuardsError.hs"," 0.6700"," 0.6866"," 0.6683","0"
"Tests/Unit/pos/Overwrite.hs"," 0.6737"," 0.7347"," 0.6986","0"
"Tests/Unit/pos/PairMeasure.hs"," 0.6957"," 0.7317"," 0.7031","0"
"Tests/Unit/pos/PairMeasure0.hs"," 0.6800"," 0.7179"," 0.7032","0"
"Tests/Unit/pos/Permutation.hs"," 1.8100"," 1.8789"," 1.3108","0"
"Tests/Unit/pos/PersistentVector.hs"," 0.7583"," 0.7893"," 0.7891","0"
"Tests/Unit/pos/PlugHoles.hs"," 0.6640"," 0.6669"," 0.6808","0"
"Tests/Unit/pos/PointDist.hs"," 0.9486"," 0.9839"," 0.7238","0"
"Tests/Unit/pos/Product.hs"," 0.8879"," 0.9247"," 0.8393","0"
"Tests/Unit/pos/Propability.hs"," 0.7447"," 0.7795"," 0.7269","0"
"Tests/Unit/pos/RBTree-color.hs"," 3.6532"," 3.6667"," 2.7999","0"
"Tests/Unit/pos/RBTree-height.hs"," 3.3241"," 3.2601"," 2.4098","0"
"Tests/Unit/pos/RBTree.hs"," 0.9642"," 1.0013"," 0.9683","0"
"Tests/Unit/pos/RealProps.hs"," 0.6808"," 0.7191"," 0.7094","0"
"Tests/Unit/pos/RealProps1.hs"," 0.6907"," 0.7342"," 0.7014","0"
"Tests/Unit/pos/RecQSort.hs"," 0.8403"," 0.8806"," 0.8180","0"
"Tests/Unit/pos/RecQSort0.hs"," 0.8440"," 0.8920"," 0.8297","0"
"Tests/Unit/pos/RecSelector.hs"," 0.6502"," 0.6933"," 0.6851","0"
"Tests/Unit/pos/RecordSelectorError.hs"," 0.6528"," 0.7058"," 0.6903","0"
"Tests/Unit/pos/RelativeComplete.hs"," 0.6871"," 0.7352"," 0.7314","0"
"Tests/Unit/pos/Repeat.hs"," 0.6619"," 0.7154"," 0.7117","0"
"Tests/Unit/pos/Resolve.hs"," 0.6309"," 0.6778"," 0.6673","0"
"Tests/Unit/pos/ResolveA.hs"," 0.6379"," 0.6927"," 0.6843","0"
"Tests/Unit/pos/ResolveB.hs"," 0.6167"," 0.6723"," 0.6651","0"
"Tests/Unit/pos/ResolvePred.hs"," 0.6682"," 0.7428"," 0.6970","0"
"Tests/Unit/pos/SafePartialFunctions.hs"," 0.6701"," 0.7156"," 0.6960","0"
"Tests/Unit/pos/SimplerNotation.hs"," 0.6377"," 0.6823"," 0.6818","0"
"Tests/Unit/pos/Solver.hs"," 1.0941"," 1.1330"," 1.1239","0"
"Tests/Unit/pos/StackClass.hs"," 0.6772"," 0.7041"," 0.7129","0"
"Tests/Unit/pos/State.hs"," 0.8122"," 0.8720"," 0.8983","0"
"Tests/Unit/pos/State1.hs"," 0.6969"," 0.7478"," 0.7097","0"
"Tests/Unit/pos/StateConstraints.hs"," 4.6101"," 4.7170"," 5.5122","0"
"Tests/Unit/pos/StateConstraints00.hs"," 0.6909"," 0.7206"," 0.6944","0"
"Tests/Unit/pos/StateF00.hs"," 0.7241"," 0.7258"," 0.6968","0"
"Tests/Unit/pos/StreamInvariants.hs"," 0.6467"," 0.6859"," 0.6898","0"
"Tests/Unit/pos/StrictPair0.hs"," 0.6804"," 0.7138"," 0.7118","0"
"Tests/Unit/pos/StrictPair1.hs"," 0.8659"," 0.9222"," 0.9232","0"
"Tests/Unit/pos/StringLit.hs"," 0.6443"," 0.6745"," 0.6598","0"
"Tests/Unit/pos/Strings.hs"," 0.6975"," 0.7347"," 0.7562","0"
"Tests/Unit/pos/StructRec.hs"," 0.6643"," 0.6978"," 0.8512","0"
"Tests/Unit/pos/Sum.hs"," 0.6973"," 0.7546"," 0.7326","0"
"Tests/Unit/pos/T531.hs"," 0.6483"," 0.6825"," 0.6620","0"
"Tests/Unit/pos/T595.hs"," 0.7052"," 0.7634"," 0.7583","0"
"Tests/Unit/pos/T595a.hs"," 0.6366"," 0.6500"," 0.6510","0"
"Tests/Unit/pos/T598.hs"," 0.7929"," 0.8468"," 0.8357","0"
"Tests/Unit/pos/Term.hs"," 0.6887"," 0.7196"," 0.7500","0"
"Tests/Unit/pos/Termination.lhs"," 0.7798"," 0.7721"," 0.8036","0"
"Tests/Unit/pos/TerminationNum.hs"," 0.6700"," 0.6680"," 0.6850","0"
"Tests/Unit/pos/TerminationNum0.hs"," 0.6818"," 0.7231"," 0.7332","0"
"Tests/Unit/pos/Test761.hs"," 0.6979"," 0.7447"," 0.7390","0"
"Tests/Unit/pos/TokenType.hs"," 0.6370"," 0.6815"," 0.6646","0"
"Tests/Unit/pos/TopLevel.hs"," 0.6877"," 0.7136"," 0.7152","0"
"Tests/Unit/pos/ToyMVar.hs"," 0.9153"," 0.9167"," 0.9051","0"
"Tests/Unit/pos/TypeAlias.hs"," 0.6617"," 0.6698"," 0.6870","0"
"Tests/Unit/pos/Variance.hs"," 0.6633"," 0.6810"," 0.7495","0"
"Tests/Unit/pos/WBL.hs"," 1.6760"," 1.6593"," 1.4536","0"
"Tests/Unit/pos/WBL0.hs"," 1.6664"," 1.6932"," 1.4489","0"
"Tests/Unit/pos/Words.hs"," 0.6516"," 0.6700"," 0.7137","0"
"Tests/Unit/pos/Words1.hs"," 0.6679"," 0.6944"," 0.6963","0"
"Tests/Unit/pos/absref-crash.hs"," 0.6487"," 0.6726"," 0.7184","0"
"Tests/Unit/pos/absref-crash0.hs"," 0.6629"," 0.6997"," 0.7374","0"
"Tests/Unit/pos/adt0.hs"," 0.6775"," 0.7265"," 0.7832","0"
"Tests/Unit/pos/alias00.hs"," 0.6511"," 0.6952"," 0.7385","0"
"Tests/Unit/pos/alias01.hs"," 0.6599"," 0.6846"," 0.7621","0"
"Tests/Unit/pos/alphaconvert-List.hs"," 1.1848"," 1.2240"," 1.0906","0"
"Tests/Unit/pos/alphaconvert-Set.hs"," 1.0136"," 1.0425"," 0.9116","0"
"Tests/Unit/pos/anfbug.hs"," 0.7319"," 0.7531"," 0.7919","0"
"Tests/Unit/pos/anftest.hs"," 0.6893"," 0.6997"," 0.7538","0"
"Tests/Unit/pos/anish1.hs"," 0.6594"," 0.6804"," 0.7461","0"
"Tests/Unit/pos/bangPatterns.hs"," 0.7126"," 0.7300"," 0.7858","0"
"Tests/Unit/pos/bar.hs"," 0.6428"," 0.7088"," 0.7401","0"
"Tests/Unit/pos/bounds1.hs"," 0.6744"," 0.6821"," 0.7105","0"
"Tests/Unit/pos/case-lambda-join.hs"," 0.8063"," 0.8163"," 0.8988","0"
"Tests/Unit/pos/cmptag0.hs"," 0.6920"," 0.7436"," 0.7792","0"
"Tests/Unit/pos/compare.hs"," 0.7135"," 0.7414"," 0.7929","0"
"Tests/Unit/pos/compare1.hs"," 0.7280"," 0.7536"," 0.7907","0"
"Tests/Unit/pos/compare2.hs"," 0.7194"," 0.7388"," 0.8186","0"
"Tests/Unit/pos/comprehensionTerm.hs"," 0.9888"," 1.0188"," 1.0894","0"
"Tests/Unit/pos/contra0.hs"," 0.7727"," 0.7718"," 0.8462","0"
"Tests/Unit/pos/coretologic.hs"," 0.6940"," 0.7148"," 0.7673","0"
"Tests/Unit/pos/csgordon_issue_296.hs"," 0.6500"," 0.6646"," 0.7258","0"
"Tests/Unit/pos/cut00.hs"," 0.6986"," 0.7307"," 0.7576","0"
"Tests/Unit/pos/data2.hs"," 0.7551"," 0.7872"," 0.8144","0"
"Tests/Unit/pos/dataConQuals.hs"," 0.6617"," 0.6930"," 0.7493","0"
"Tests/Unit/pos/datacon-inv.hs"," 0.6464"," 0.6850"," 0.7554","0"
"Tests/Unit/pos/datacon0.hs"," 0.7784"," 0.7865"," 0.8380","0"
"Tests/Unit/pos/datacon1.hs"," 0.6332"," 0.6707"," 0.7554","0"
"Tests/Unit/pos/deepmeas0.hs"," 0.7515"," 0.7873"," 0.8248","0"
"Tests/Unit/pos/deppair0.hs"," 0.7553"," 0.7704"," 0.8153","0"
"Tests/Unit/pos/deppair1.hs"," 0.6995"," 0.7469"," 0.7670","0"
"Tests/Unit/pos/deptup.hs"," 1.0741"," 1.0574"," 1.0552","0"
"Tests/Unit/pos/deptup0.hs"," 0.7493"," 0.8007"," 0.8398","0"
"Tests/Unit/pos/deptup1.hs"," 0.8202"," 0.8722"," 0.9359","0"
"Tests/Unit/pos/deptup3.hs"," 0.7153"," 0.7625"," 0.8763","0"
"Tests/Unit/pos/deptupW.hs"," 0.7232"," 0.7827"," 0.7520","0"
"Tests/Unit/pos/div000.hs"," 0.6612"," 0.6710"," 0.6835","0"
"Tests/Unit/pos/dropwhile.hs"," 0.9803"," 0.9819"," 0.9934","0"
"Tests/Unit/pos/duplicate-bind.hs"," 0.7009"," 0.7170"," 0.7948","0"
"Tests/Unit/pos/elements.hs"," 1.0176"," 1.0140"," 0.9696","0"
"Tests/Unit/pos/elems.hs"," 0.6699"," 0.6986"," 0.6826","0"
"Tests/Unit/pos/elim00.hs"," 0.8123"," 0.8487"," 0.7309","0"
"Tests/Unit/pos/elim01.hs"," 0.6789"," 0.7174"," 0.8035","0"
"Tests/Unit/pos/eqelems.hs"," 0.7103"," 0.7147"," 0.7177","0"
"Tests/Unit/pos/ex0.hs"," 0.7382"," 0.7567"," 0.7850","0"
"Tests/Unit/pos/ex01.hs"," 0.6585"," 0.6668"," 0.7173","0"
"Tests/Unit/pos/ex1.hs"," 0.7585"," 0.7758"," 0.8415","0"
"Tests/Unit/pos/exp0.hs"," 0.7144"," 0.7246"," 0.7778","0"
"Tests/Unit/pos/extype.hs"," 0.6822"," 0.6927"," 0.7511","0"
"Tests/Unit/pos/failName.hs"," 0.6748"," 0.6874"," 0.7546","0"
"Tests/Unit/pos/filterAbs.hs"," 0.8810"," 0.8391"," 0.8905","0"
"Tests/Unit/pos/foldN.hs"," 0.6732"," 0.7527"," 0.7970","0"
"Tests/Unit/pos/foldr.hs"," 0.6939"," 0.7286"," 0.7397","0"
"Tests/Unit/pos/for.hs"," 0.8444"," 0.9044"," 0.8862","0"
"Tests/Unit/pos/forloop.hs"," 0.8236"," 0.8471"," 0.9251","0"
"Tests/Unit/pos/gadtEval.hs"," 1.1110"," 1.1423"," 1.1958","0"
"Tests/Unit/pos/gimme.hs"," 0.7250"," 0.7258"," 0.7272","0"
"Tests/Unit/pos/go.hs"," 0.6641"," 0.7400"," 0.7475","0"
"Tests/Unit/pos/go_ugly_type.hs"," 0.6976"," 0.7278"," 0.7354","0"
"Tests/Unit/pos/grty0.hs"," 0.6446"," 0.7059"," 0.6752","0"
"Tests/Unit/pos/grty1.hs"," 0.6602"," 0.6787"," 0.6946","0"
"Tests/Unit/pos/grty2.hs"," 0.6775"," 0.6961"," 0.6908","0"
"Tests/Unit/pos/grty3.hs"," 0.6580"," 0.6911"," 0.6642","0"
"Tests/Unit/pos/hello.hs"," 0.6762"," 0.7006"," 0.6953","0"
"Tests/Unit/pos/hole-app.hs"," 0.6656"," 0.6923"," 0.6888","0"
"Tests/Unit/pos/hole-fun.hs"," 0.6732"," 0.7046"," 0.6932","0"
"Tests/Unit/pos/idNat.hs"," 0.6603"," 0.6856"," 0.6695","0"
"Tests/Unit/pos/idNat0.hs"," 0.6536"," 0.6775"," 0.6751","0"
"Tests/Unit/pos/imp0.hs"," 0.7110"," 0.7273"," 0.7203","0"
"Tests/Unit/pos/implies.hs"," 0.6679"," 0.6854"," 0.6947","0"
"Tests/Unit/pos/infix.hs"," 0.7004"," 0.7403"," 0.7233","0"
"Tests/Unit/pos/initarray.hs"," 1.0005"," 1.0668"," 0.9420","0"
"Tests/Unit/pos/inline.hs"," 0.7749"," 0.7623"," 0.7475","0"
"Tests/Unit/pos/inline1.hs"," 0.6477"," 0.6901"," 0.6786","0"
"Tests/Unit/pos/invlhs.hs"," 0.6695"," 0.6820"," 0.7034","0"
"Tests/Unit/pos/ite.hs"," 0.6646"," 0.6988"," 0.6909","0"
"Tests/Unit/pos/ite1.hs"," 0.6716"," 0.6815"," 0.6618","0"
"Tests/Unit/pos/kmp.hs"," 1.7589"," 1.6891"," 1.9618","0"
"Tests/Unit/pos/kmpIO.hs"," 0.8101"," 0.8444"," 0.8905","0"
"Tests/Unit/pos/kmpVec.hs"," 1.3452"," 1.3539"," 1.6219","0"
"Tests/Unit/pos/lets.hs"," 0.8730"," 0.9166"," 0.8130","0"
"Tests/Unit/pos/lex.hs"," 0.6993"," 0.7117"," 0.7003","0"
"Tests/Unit/pos/listAnf.hs"," 0.7470"," 0.7741"," 0.7529","0"
"Tests/Unit/pos/listSet.hs"," 0.7774"," 0.8288"," 0.8533","0"
"Tests/Unit/pos/listSetDemo.hs"," 0.7874"," 0.8391"," 0.9566","0"
"Tests/Unit/pos/listqual.hs"," 0.7222"," 0.7409"," 0.7463","0"
"Tests/Unit/pos/lit.hs"," 0.6620"," 0.6807"," 0.7848","0"
"Tests/Unit/pos/malformed0.hs"," 0.9901"," 1.0277"," 1.0641","0"
"Tests/Unit/pos/mapTvCrash.hs"," 0.6927"," 0.7178"," 0.6779","0"
"Tests/Unit/pos/mapreduce-bare.hs"," 3.2435"," 3.2066"," 3.0433","0"
"Tests/Unit/pos/mapreduce.hs"," 1.7927"," 1.7399"," 1.9524","0"
"Tests/Unit/pos/maps.hs"," 0.7513"," 0.8058"," 0.7631","0"
"Tests/Unit/pos/maps1.hs"," 0.7405"," 0.7908"," 0.7413","0"
"Tests/Unit/pos/maybe.hs"," 1.0676"," 1.0837"," 1.0074","0"
"Tests/Unit/pos/maybe0.hs"," 0.6961"," 0.7030"," 0.6958","0"
"Tests/Unit/pos/maybe00.hs"," 0.6432"," 0.6596"," 0.6508","0"
"Tests/Unit/pos/maybe000.hs"," 0.7031"," 0.7165"," 0.7091","0"
"Tests/Unit/pos/maybe1.hs"," 0.7855"," 0.8114"," 0.7876","0"
"Tests/Unit/pos/maybe2.hs"," 1.0648"," 1.0803"," 1.0569","0"
"Tests/Unit/pos/maybe3.hs"," 0.6746"," 0.7177"," 0.6962","0"
"Tests/Unit/pos/maybe4.hs"," 0.6924"," 0.6981"," 0.6782","0"
"Tests/Unit/pos/meas0.hs"," 0.7197"," 0.7397"," 0.7391","0"
"Tests/Unit/pos/meas00.hs"," 0.7254"," 0.7419"," 0.7241","0"
"Tests/Unit/pos/meas00a.hs"," 0.6865"," 0.7021"," 0.7178","0"
"Tests/Unit/pos/meas0a.hs"," 0.7352"," 0.7523"," 0.7405","0"
"Tests/Unit/pos/meas1.hs"," 0.7127"," 0.7538"," 0.7404","0"
"Tests/Unit/pos/meas10.hs"," 0.7768"," 0.7902"," 0.7730","0"
"Tests/Unit/pos/meas11.hs"," 0.6819"," 0.7333"," 0.7149","0"
"Tests/Unit/pos/meas2.hs"," 0.6862"," 0.7499"," 0.7360","0"
"Tests/Unit/pos/meas3.hs"," 0.7946"," 0.8380"," 0.8013","0"
"Tests/Unit/pos/meas4.hs"," 0.8144"," 0.8288"," 0.7880","0"
"Tests/Unit/pos/meas5.hs"," 1.1834"," 1.2038"," 1.1316","0"
"Tests/Unit/pos/meas6.hs"," 0.7993"," 0.8519"," 0.8368","0"
"Tests/Unit/pos/meas7.hs"," 0.6898"," 0.7117"," 0.7082","0"
"Tests/Unit/pos/meas8.hs"," 0.7255"," 0.7463"," 0.7183","0"
"Tests/Unit/pos/meas9.hs"," 0.7570"," 0.7924"," 0.7616","0"
"Tests/Unit/pos/modTest.hs"," 0.7053"," 0.7537"," 0.7255","0"
"Tests/Unit/pos/monad1.hs"," 0.6838"," 0.6899"," 0.6911","0"
"Tests/Unit/pos/monad2.hs"," 0.6845"," 0.7035"," 0.6882","0"
"Tests/Unit/pos/monad5.hs"," 0.8987"," 0.9016"," 0.8925","0"
"Tests/Unit/pos/monad6.hs"," 0.7302"," 0.7759"," 0.7630","0"
"Tests/Unit/pos/monad7.hs"," 0.8948"," 0.9352"," 0.8683","0"
"Tests/Unit/pos/multi-pred-app-00.hs"," 0.6583"," 0.6823"," 0.6703","0"
"Tests/Unit/pos/mutrec.hs"," 0.6793"," 0.7003"," 0.6944","0"
"Tests/Unit/pos/nats.hs"," 1.1023"," 1.1185"," 0.7425","0"
"Tests/Unit/pos/niki.hs"," 0.6965"," 0.7385"," 0.7157","0"
"Tests/Unit/pos/niki1.hs"," 0.7410"," 0.7492"," 0.7270","0"
"Tests/Unit/pos/nullterm.hs"," 1.0147"," 1.0597"," 0.8750","0"
"Tests/Unit/pos/pair.hs"," 1.4870"," 1.4404"," 1.2815","0"
"Tests/Unit/pos/pair0.hs"," 1.3624"," 1.3715"," 1.2441","0"
"Tests/Unit/pos/pair00.hs"," 1.2079"," 1.2296"," 1.0983","0"
"Tests/Unit/pos/pargs.hs"," 0.6591"," 0.6877"," 0.6625","0"
"Tests/Unit/pos/pargs1.hs"," 0.6443"," 0.6697"," 0.6703","0"
"Tests/Unit/pos/partial-tycon.hs"," 0.6522"," 0.6715"," 0.6653","0"
"Tests/Unit/pos/partialmeasure.hs"," 0.6751"," 0.7029"," 0.6816","0"
"Tests/Unit/pos/poly0.hs"," 0.7541"," 0.7617"," 0.7250","0"
"Tests/Unit/pos/poly1.hs"," 0.7147"," 0.7459"," 0.7324","0"
"Tests/Unit/pos/poly2-degenerate.hs"," 0.7094"," 0.7494"," 0.7363","0"
"Tests/Unit/pos/poly2.hs"," 0.7242"," 0.7664"," 0.7327","0"
"Tests/Unit/pos/poly3.hs"," 0.6751"," 0.7358"," 0.6985","0"
"Tests/Unit/pos/poly3a.hs"," 0.7038"," 0.7039"," 0.6993","0"
"Tests/Unit/pos/poly4.hs"," 0.6916"," 0.7157"," 0.7342","0"
"Tests/Unit/pos/polyfun.hs"," 0.7160"," 0.7491"," 0.7537","0"
"Tests/Unit/pos/polyqual.hs"," 0.9255"," 0.9047"," 0.9807","0"
"Tests/Unit/pos/poslist.hs"," 0.8917"," 0.9418"," 0.8363","0"
"Tests/Unit/pos/poslist_dc.hs"," 0.7448"," 0.7907"," 0.7504","0"
"Tests/Unit/pos/pragma0.hs"," 0.6568"," 0.6776"," 0.6837","0"
"Tests/Unit/pos/pred.hs"," 0.6305"," 0.6718"," 0.6650","0"
"Tests/Unit/pos/primInt0.hs"," 0.8568"," 0.8597"," 0.7848","0"
"Tests/Unit/pos/profcrasher.hs"," 0.6970"," 0.7053"," 0.7099","0"
"Tests/Unit/pos/propmeasure.hs"," 0.7363"," 0.7668"," 0.7489","0"
"Tests/Unit/pos/propmeasure1.hs"," 0.6538"," 0.6719"," 0.6705","0"
"Tests/Unit/pos/qualTest.hs"," 0.7044"," 0.7297"," 0.7460","0"
"Tests/Unit/pos/range.hs"," 0.9409"," 0.9510"," 0.9234","0"
"Tests/Unit/pos/range1.hs"," 0.7530"," 0.7787"," 0.7442","0"
"Tests/Unit/pos/rangeAdt.hs"," 1.6151"," 1.5811"," 1.5297","0"
"Tests/Unit/pos/rec_annot_go.hs"," 0.7491"," 0.8155"," 0.7831","0"
"Tests/Unit/pos/record0.hs"," 0.7218"," 0.7701"," 0.7493","0"
"Tests/Unit/pos/record1.hs"," 0.6377"," 0.6715"," 0.6616","0"
"Tests/Unit/pos/recursion0.hs"," 0.6404"," 0.6908"," 0.6911","0"
"Tests/Unit/pos/repeatHigherOrder.hs"," 0.9433"," 1.0070"," 1.0781","0"
"Tests/Unit/pos/risers.hs"," 1.1464"," 1.1796"," 0.9327","0"
"Tests/Unit/pos/scanr.hs"," 0.7818"," 0.8349"," 0.7609","0"
"Tests/Unit/pos/selfList.hs"," 0.8952"," 0.9719"," 0.7918","0"
"Tests/Unit/pos/spec0.hs"," 0.6954"," 0.7334"," 0.8817","0"
"Tests/Unit/pos/stacks0.hs"," 0.7180"," 0.7734"," 0.7753","0"
"Tests/Unit/pos/state00.hs"," 0.6837"," 0.7063"," 0.7135","0"
"Tests/Unit/pos/stateInvarint.hs"," 0.8477"," 0.8792"," 0.8379","0"
"Tests/Unit/pos/string00.hs"," 0.6828"," 0.7265"," 0.7273","0"
"Tests/Unit/pos/tagBinder.hs"," 0.6507"," 0.6834"," 0.6997","0"
"Tests/Unit/pos/take.hs"," 0.9682"," 0.9644"," 0.9001","0"
"Tests/Unit/pos/term0.hs"," 0.7522"," 0.7768"," 0.8703","0"
"Tests/Unit/pos/test0.hs"," 0.7022"," 0.7312"," 0.7483","0"
"Tests/Unit/pos/test00-int.hs"," 0.6949"," 0.7251"," 0.7813","0"
"Tests/Unit/pos/test00.hs"," 0.6902"," 0.7119"," 0.7803","0"
"Tests/Unit/pos/test00.old.hs"," 0.6865"," 0.7398"," 0.7324","0"
"Tests/Unit/pos/test000.hs"," 0.7027"," 0.7445"," 0.7355","0"
"Tests/Unit/pos/test00b.hs"," 0.7072"," 0.7297"," 0.7304","0"
"Tests/Unit/pos/test00c.hs"," 0.8462"," 0.8807"," 0.8246","0"
"Tests/Unit/pos/test1.hs"," 0.6944"," 0.7267"," 0.7385","0"
"Tests/Unit/pos/test2.hs"," 0.7053"," 0.7188"," 0.7323","0"
"Tests/Unit/pos/testRec.hs"," 0.7214"," 0.7048"," 0.7003","0"
"Tests/Unit/pos/top0.hs"," 0.7359"," 0.7569"," 0.7492","0"
"Tests/Unit/pos/trans.hs"," 0.9899"," 0.9801"," 0.8185","0"
"Tests/Unit/pos/transTAG.hs"," 1.6473"," 1.5408"," 1.4886","0"
"Tests/Unit/pos/transpose.hs"," 1.7741"," 1.7057"," 1.1283","0"
"Tests/Unit/pos/tup0.hs"," 0.7254"," 0.6961"," 0.7170","0"
"Tests/Unit/pos/tupparse.hs"," 0.7123"," 0.7264"," 0.7464","0"
"Tests/Unit/pos/tyExpr.hs"," 0.6446"," 0.6670"," 0.6760","0"
"Tests/Unit/pos/tyclass0.hs"," 0.6393"," 0.6728"," 0.6788","0"
"Tests/Unit/pos/tyfam0.hs"," 0.6736"," 0.7094"," 0.7032","0"
"Tests/Unit/pos/tyvar.hs"," 0.6566"," 0.6737"," 0.6555","0"
"Tests/Unit/pos/unusedtyvars.hs"," 0.6804"," 0.7016"," 0.7201","0"
"Tests/Unit/pos/vecloop.hs"," 0.9008"," 0.8724"," 0.8537","0"
"Tests/Unit/pos/vector0.hs"," 1.1481"," 1.2002"," 1.1198","0"
"Tests/Unit/pos/vector00.hs"," 0.7661"," 0.7622"," 0.9187","0"
"Tests/Unit/pos/vector1.hs"," 1.0560"," 1.0442"," 1.0606","0"
"Tests/Unit/pos/vector1a.hs"," 1.0691"," 1.0900"," 1.0171","0"
"Tests/Unit/pos/vector1b.hs"," 1.0803"," 1.0949"," 0.9857","0"
"Tests/Unit/pos/vector2.hs"," 1.2986"," 1.2703"," 1.2289","0"
"Tests/Unit/pos/wrap0.hs"," 0.7621"," 0.7706"," 0.7507","0"
"Tests/Unit/pos/wrap1.hs"," 0.9166"," 0.9188"," 0.9291","0"
"Tests/Unit/pos/zipSO.hs"," 0.8373"," 0.8322"," 0.7256","0"
"Tests/Unit/pos/zipW.hs"," 0.7256"," 0.7486"," 0.7280","0"
"Tests/Unit/pos/zipW1.hs"," 0.7059"," 0.7123"," 0.7192","0"
"Tests/Unit/pos/zipW2.hs"," 0.7218"," 0.7403"," 0.7235","0"
"Tests/Unit/pos/zipper0.hs"," 1.2407"," 1.2488"," 1.1036","0"
"Tests/Unit/pos/zipper000.hs"," 0.9805"," 0.9653"," 0.9223","0"