 (HEAD -> developgraph, origin/developgraph) : b49b9bfabf9a3f72f88a4645d7662d5abc93021c
Timestamp: 2016-04-20 07:06:08 -0700
Epoch Timestamp: 1461161168
--------------------------------------------------------------------------------
test, time(s), result

Tests/Unit/pos/zipW2.hs, 0.7403, True
Tests/Unit/pos/zipW1.hs, 0.7123, True
Tests/Unit/pos/zipW.hs, 0.7486, True
Tests/Unit/pos/zipSO.hs, 0.8322, True
Tests/Unit/pos/zipper000.hs, 0.9653, True
Tests/Unit/pos/zipper0.hs, 1.2488, True
Tests/Unit/pos/zipper.hs, 2.9313, True
Tests/Unit/pos/wrap1.hs, 0.9188, True
Tests/Unit/pos/wrap0.hs, 0.7706, True
Tests/Unit/pos/Words1.hs, 0.6944, True
Tests/Unit/pos/Words.hs, 0.6700, True
Tests/Unit/pos/WBL0.hs, 1.6932, True
Tests/Unit/pos/WBL.hs, 1.6593, True
Tests/Unit/pos/vector2.hs, 1.2703, True
Tests/Unit/pos/vector1b.hs, 1.0949, True
Tests/Unit/pos/vector1a.hs, 1.0900, True
Tests/Unit/pos/vector1.hs, 1.0442, True
Tests/Unit/pos/vector00.hs, 0.7622, True
Tests/Unit/pos/vector0.hs, 1.2002, True
Tests/Unit/pos/vecloop.hs, 0.8724, True
Tests/Unit/pos/Variance.hs, 0.6810, True
Tests/Unit/pos/unusedtyvars.hs, 0.7016, True
Tests/Unit/pos/tyvar.hs, 0.6737, True
Tests/Unit/pos/TypeAlias.hs, 0.6698, True
Tests/Unit/pos/tyfam0.hs, 0.7094, True
Tests/Unit/pos/tyExpr.hs, 0.6670, True
Tests/Unit/pos/tyclass0.hs, 0.6728, True
Tests/Unit/pos/tupparse.hs, 0.7264, True
Tests/Unit/pos/tup0.hs, 0.6961, True
Tests/Unit/pos/transTAG.hs, 1.5408, True
Tests/Unit/pos/transpose.hs, 1.7057, True
Tests/Unit/pos/trans.hs, 0.9801, True
Tests/Unit/pos/ToyMVar.hs, 0.9167, True
Tests/Unit/pos/TopLevel.hs, 0.7136, True
Tests/Unit/pos/top0.hs, 0.7569, True
Tests/Unit/pos/TokenType.hs, 0.6815, True
Tests/Unit/pos/testRec.hs, 0.7048, True
Tests/Unit/pos/Test761.hs, 0.7447, True
Tests/Unit/pos/test2.hs, 0.7188, True
Tests/Unit/pos/test1.hs, 0.7267, True
Tests/Unit/pos/test00c.hs, 0.8807, True
Tests/Unit/pos/test00b.hs, 0.7297, True
Tests/Unit/pos/test000.hs, 0.7445, True
Tests/Unit/pos/test00.old.hs, 0.7398, True
Tests/Unit/pos/test00.hs, 0.7119, True
Tests/Unit/pos/test00-int.hs, 0.7251, True
Tests/Unit/pos/test0.hs, 0.7312, True
Tests/Unit/pos/TerminationNum0.hs, 0.7231, True
Tests/Unit/pos/TerminationNum.hs, 0.6680, True
Tests/Unit/pos/Termination.lhs, 0.7721, True
Tests/Unit/pos/term0.hs, 0.7768, True
Tests/Unit/pos/Term.hs, 0.7196, True
Tests/Unit/pos/take.hs, 0.9644, True
Tests/Unit/pos/tagBinder.hs, 0.6834, True
Tests/Unit/pos/T598.hs, 0.8468, True
Tests/Unit/pos/T595a.hs, 0.6500, True
Tests/Unit/pos/T595.hs, 0.7634, True
Tests/Unit/pos/T531.hs, 0.6825, True
Tests/Unit/pos/Sum.hs, 0.7546, True
Tests/Unit/pos/StructRec.hs, 0.6978, True
Tests/Unit/pos/Strings.hs, 0.7347, True
Tests/Unit/pos/StringLit.hs, 0.6745, True
Tests/Unit/pos/string00.hs, 0.7265, True
Tests/Unit/pos/StrictPair1.hs, 0.9222, True
Tests/Unit/pos/StrictPair0.hs, 0.7138, True
Tests/Unit/pos/StreamInvariants.hs, 0.6859, True
Tests/Unit/pos/stateInvarint.hs, 0.8792, True
Tests/Unit/pos/StateF00.hs, 0.7258, True
Tests/Unit/pos/StateConstraints00.hs, 0.7206, True
Tests/Unit/pos/StateConstraints0.hs, 8.2560, True
Tests/Unit/pos/StateConstraints.hs, 4.7170, True
Tests/Unit/pos/State1.hs, 0.7478, True
Tests/Unit/pos/state00.hs, 0.7063, True
Tests/Unit/pos/State.hs, 0.8720, True
Tests/Unit/pos/stacks0.hs, 0.7734, True
Tests/Unit/pos/StackClass.hs, 0.7041, True
Tests/Unit/pos/spec0.hs, 0.7334, True
Tests/Unit/pos/Solver.hs, 1.1330, True
Tests/Unit/pos/SimplerNotation.hs, 0.6823, True
Tests/Unit/pos/selfList.hs, 0.9719, True
Tests/Unit/pos/scanr.hs, 0.8349, True
Tests/Unit/pos/SafePartialFunctions.hs, 0.7156, True
Tests/Unit/pos/risers.hs, 1.1796, True
Tests/Unit/pos/ResolvePred.hs, 0.7428, True
Tests/Unit/pos/ResolveB.hs, 0.6723, True
Tests/Unit/pos/ResolveA.hs, 0.6927, True
Tests/Unit/pos/Resolve.hs, 0.6778, True
Tests/Unit/pos/repeatHigherOrder.hs, 1.0070, True
Tests/Unit/pos/Repeat.hs, 0.7154, True
Tests/Unit/pos/RelativeComplete.hs, 0.7352, True
Tests/Unit/pos/recursion0.hs, 0.6908, True
Tests/Unit/pos/RecSelector.hs, 0.6933, True
Tests/Unit/pos/RecQSort0.hs, 0.8920, True
Tests/Unit/pos/RecQSort.hs, 0.8806, True
Tests/Unit/pos/RecordSelectorError.hs, 0.7058, True
Tests/Unit/pos/record1.hs, 0.6715, True
Tests/Unit/pos/record0.hs, 0.7701, True
Tests/Unit/pos/rec_annot_go.hs, 0.8155, True
Tests/Unit/pos/RealProps1.hs, 0.7342, True
Tests/Unit/pos/RealProps.hs, 0.7191, True
Tests/Unit/pos/RBTree.hs, 1.0013, True
Tests/Unit/pos/RBTree-ord.hs, 7.2193, True
Tests/Unit/pos/RBTree-height.hs, 3.2601, True
Tests/Unit/pos/RBTree-color.hs, 3.6667, True
Tests/Unit/pos/RBTree-col-height.hs, 5.0518, True
Tests/Unit/pos/rangeAdt.hs, 1.5811, True
Tests/Unit/pos/range1.hs, 0.7787, True
Tests/Unit/pos/range.hs, 0.9510, True
Tests/Unit/pos/qualTest.hs, 0.7297, True
Tests/Unit/pos/propmeasure1.hs, 0.6719, True
Tests/Unit/pos/propmeasure.hs, 0.7668, True
Tests/Unit/pos/Propability.hs, 0.7795, True
Tests/Unit/pos/profcrasher.hs, 0.7053, True
Tests/Unit/pos/Product.hs, 0.9247, True
Tests/Unit/pos/primInt0.hs, 0.8597, True
Tests/Unit/pos/pred.hs, 0.6718, True
Tests/Unit/pos/pragma0.hs, 0.6776, True
Tests/Unit/pos/poslist_dc.hs, 0.7907, True
Tests/Unit/pos/poslist.hs, 0.9418, True
Tests/Unit/pos/polyqual.hs, 0.9047, True
Tests/Unit/pos/polyfun.hs, 0.7491, True
Tests/Unit/pos/poly4.hs, 0.7157, True
Tests/Unit/pos/poly3a.hs, 0.7039, True
Tests/Unit/pos/poly3.hs, 0.7358, True
Tests/Unit/pos/poly2.hs, 0.7664, True
Tests/Unit/pos/poly2-degenerate.hs, 0.7494, True
Tests/Unit/pos/poly1.hs, 0.7459, True
Tests/Unit/pos/poly0.hs, 0.7617, True
Tests/Unit/pos/PointDist.hs, 0.9839, True
Tests/Unit/pos/PlugHoles.hs, 0.6669, True
Tests/Unit/pos/PersistentVector.hs, 0.7893, True
Tests/Unit/pos/Permutation.hs, 1.8789, True
Tests/Unit/pos/partialmeasure.hs, 0.7029, True
Tests/Unit/pos/partial-tycon.hs, 0.6715, True
Tests/Unit/pos/pargs1.hs, 0.6697, True
Tests/Unit/pos/pargs.hs, 0.6877, True
Tests/Unit/pos/PairMeasure0.hs, 0.7179, True
Tests/Unit/pos/PairMeasure.hs, 0.7317, True
Tests/Unit/pos/pair00.hs, 1.2296, True
Tests/Unit/pos/pair0.hs, 1.3715, True
Tests/Unit/pos/pair.hs, 1.4404, True
Tests/Unit/pos/Overwrite.hs, 0.7347, True
Tests/Unit/pos/OrdList.hs, 15.2710, True
Tests/Unit/pos/nullterm.hs, 1.0597, True
Tests/Unit/pos/NoExhaustiveGuardsError.hs, 0.6866, True
Tests/Unit/pos/NoCaseExpand.hs, 0.9832, True
Tests/Unit/pos/niki1.hs, 0.7492, True
Tests/Unit/pos/niki.hs, 0.7385, True
Tests/Unit/pos/nats.hs, 1.1185, True
Tests/Unit/pos/MutualRec.hs, 1.7764, True
Tests/Unit/pos/mutrec.hs, 0.7003, True
Tests/Unit/pos/multi-pred-app-00.hs, 0.6823, True
Tests/Unit/pos/Moo.hs, 0.6645, True
Tests/Unit/pos/monad7.hs, 0.9352, True
Tests/Unit/pos/monad6.hs, 0.7759, True
Tests/Unit/pos/monad5.hs, 0.9016, True
Tests/Unit/pos/monad2.hs, 0.7035, True
Tests/Unit/pos/monad1.hs, 0.6899, True
Tests/Unit/pos/modTest.hs, 0.7537, True
Tests/Unit/pos/Mod2.hs, 0.6865, True
Tests/Unit/pos/Mod1.hs, 0.6915, True
Tests/Unit/pos/MergeSort.hs, 2.0942, True
Tests/Unit/pos/Merge1.hs, 0.8102, True
Tests/Unit/pos/MeasureSets.hs, 0.7050, True
Tests/Unit/pos/Measures1.hs, 0.6882, True
Tests/Unit/pos/Measures.hs, 0.6702, True
Tests/Unit/pos/MeasureDups.hs, 0.7541, True
Tests/Unit/pos/MeasureContains.hs, 0.7555, True
Tests/Unit/pos/meas9.hs, 0.7924, True
Tests/Unit/pos/meas8.hs, 0.7463, True
Tests/Unit/pos/meas7.hs, 0.7117, True
Tests/Unit/pos/meas6.hs, 0.8519, True
Tests/Unit/pos/meas5.hs, 1.2038, True
Tests/Unit/pos/meas4.hs, 0.8288, True
Tests/Unit/pos/meas3.hs, 0.8380, True
Tests/Unit/pos/meas2.hs, 0.7499, True
Tests/Unit/pos/meas11.hs, 0.7333, True
Tests/Unit/pos/meas10.hs, 0.7902, True
Tests/Unit/pos/meas1.hs, 0.7538, True
Tests/Unit/pos/meas0a.hs, 0.7523, True
Tests/Unit/pos/meas00a.hs, 0.7021, True
Tests/Unit/pos/meas00.hs, 0.7419, True
Tests/Unit/pos/meas0.hs, 0.7397, True
Tests/Unit/pos/maybe4.hs, 0.6981, True
Tests/Unit/pos/maybe3.hs, 0.7177, True
Tests/Unit/pos/maybe2.hs, 1.0803, True
Tests/Unit/pos/maybe1.hs, 0.8114, True
Tests/Unit/pos/maybe000.hs, 0.7165, True
Tests/Unit/pos/maybe00.hs, 0.6596, True
Tests/Unit/pos/maybe0.hs, 0.7030, True
Tests/Unit/pos/maybe.hs, 1.0837, True
Tests/Unit/pos/mapTvCrash.hs, 0.7178, True
Tests/Unit/pos/maps1.hs, 0.7908, True
Tests/Unit/pos/maps.hs, 0.8058, True
Tests/Unit/pos/mapreduce.hs, 1.7399, True
Tests/Unit/pos/mapreduce-bare.hs, 3.2066, True
Tests/Unit/pos/Map2.hs, 14.8691, True
Tests/Unit/pos/Map0.hs, 14.1189, True
Tests/Unit/pos/Map.hs, 13.9903, True
Tests/Unit/pos/malformed0.hs, 1.0277, True
Tests/Unit/pos/Loo.hs, 0.6882, True
Tests/Unit/pos/LocalTermExpr.hs, 0.7638, True
Tests/Unit/pos/LocalSpecImp.hs, 0.6929, True
Tests/Unit/pos/LocalSpec0.hs, 0.6695, True
Tests/Unit/pos/LocalSpec.hs, 0.7112, True
Tests/Unit/pos/LocalLazy.hs, 0.7292, True
Tests/Unit/pos/LocalHole.hs, 0.7450, True
Tests/Unit/pos/lit.hs, 0.6807, True
Tests/Unit/pos/ListSort.hs, 2.7651, True
Tests/Unit/pos/listSetDemo.hs, 0.8391, True
Tests/Unit/pos/listSet.hs, 0.8288, True
Tests/Unit/pos/ListReverse-LType.hs, 0.7359, True
Tests/Unit/pos/ListRange.hs, 0.8320, True
Tests/Unit/pos/ListRange-LType.hs, 0.8216, True
Tests/Unit/pos/listqual.hs, 0.7409, True
Tests/Unit/pos/ListQSort.hs, 1.3819, True
Tests/Unit/pos/ListQSort-LType.hs, 1.2753, True
Tests/Unit/pos/ListMSort.hs, 2.3563, True
Tests/Unit/pos/ListMSort-LType.hs, 3.6209, True
Tests/Unit/pos/ListLen.hs, 1.2579, True
Tests/Unit/pos/ListLen-LType.hs, 1.1868, True
Tests/Unit/pos/ListKeys.hs, 0.7244, True
Tests/Unit/pos/ListISort.hs, 0.8170, True
Tests/Unit/pos/ListISort-LType.hs, 1.1850, True
Tests/Unit/pos/ListElem.hs, 0.7102, True
Tests/Unit/pos/ListConcat.hs, 0.7154, True
Tests/Unit/pos/listAnf.hs, 0.7741, True
Tests/Unit/pos/LiquidClass.hs, 0.6934, True
Tests/Unit/pos/LiquidArray.hs, 0.6960, True
Tests/Unit/pos/lex.hs, 0.7117, True
Tests/Unit/pos/lets.hs, 0.9166, True
Tests/Unit/pos/LazyWhere1.hs, 0.7182, True
Tests/Unit/pos/LazyWhere.hs, 0.7171, True
Tests/Unit/pos/LambdaEvalTiny.hs, 1.3521, True
Tests/Unit/pos/LambdaEvalSuperTiny.hs, 1.3006, True
Tests/Unit/pos/LambdaEvalMini.hs, 3.1994, True
Tests/Unit/pos/LambdaEval.hs, 21.8905, True
Tests/Unit/pos/LambdaDeBruijn.hs, 1.5604, True
Tests/Unit/pos/kmpVec.hs, 1.3539, True
Tests/Unit/pos/kmpIO.hs, 0.8444, True
Tests/Unit/pos/kmp.hs, 1.6891, True
Tests/Unit/pos/Keys.hs, 0.7190, True
Tests/Unit/pos/jeff.hs, 9.8595, True
Tests/Unit/pos/ite1.hs, 0.6815, True
Tests/Unit/pos/ite.hs, 0.6988, True
Tests/Unit/pos/invlhs.hs, 0.6820, True
Tests/Unit/pos/Invariants.hs, 0.7846, True
Tests/Unit/pos/inline1.hs, 0.6901, True
Tests/Unit/pos/inline.hs, 0.7623, True
Tests/Unit/pos/initarray.hs, 1.0668, True
Tests/Unit/pos/infix.hs, 0.7403, True
Tests/Unit/pos/Infinity.hs, 0.7468, True
Tests/Unit/pos/implies.hs, 0.6854, True
Tests/Unit/pos/imp0.hs, 0.7273, True
Tests/Unit/pos/idNat0.hs, 0.6775, True
Tests/Unit/pos/idNat.hs, 0.6856, True
Tests/Unit/pos/IcfpDemo.hs, 0.8382, True
Tests/Unit/pos/Holes.hs, 0.7831, True
Tests/Unit/pos/hole-fun.hs, 0.7046, True
Tests/Unit/pos/hole-app.hs, 0.6923, True
Tests/Unit/pos/HigherOrderRecFun.hs, 0.7078, True
Tests/Unit/pos/hello.hs, 0.7006, True
Tests/Unit/pos/HedgeUnion.hs, 0.7866, True
Tests/Unit/pos/HaskellMeasure.hs, 0.7196, True
Tests/Unit/pos/HasElem.hs, 0.7096, True
Tests/Unit/pos/grty3.hs, 0.6911, True
Tests/Unit/pos/grty2.hs, 0.6961, True
Tests/Unit/pos/grty1.hs, 0.6787, True
Tests/Unit/pos/grty0.hs, 0.7059, True
Tests/Unit/pos/Graph.hs, 0.9170, True
Tests/Unit/pos/Gradual.hs, 0.0001, True
Tests/Unit/pos/GoodHMeas.hs, 0.6869, True
Tests/Unit/pos/Goo.hs, 0.7066, True
Tests/Unit/pos/go_ugly_type.hs, 0.7278, True
Tests/Unit/pos/go.hs, 0.7400, True
Tests/Unit/pos/gimme.hs, 0.7258, True
Tests/Unit/pos/GhcSort3.T.hs, 1.4538, True
Tests/Unit/pos/GhcSort3.hs, 2.9255, True
Tests/Unit/pos/GhcSort2.hs, 1.5259, True
Tests/Unit/pos/GhcSort1.hs, 2.9123, True
Tests/Unit/pos/GhcListSort.hs, 5.4340, True
Tests/Unit/pos/GeneralizedTermination.hs, 0.7880, True
Tests/Unit/pos/GCD.hs, 0.9176, True
Tests/Unit/pos/GADTs.hs, 0.6960, True
Tests/Unit/pos/gadtEval.hs, 1.1423, True
Tests/Unit/pos/Fractional.hs, 0.6776, True
Tests/Unit/pos/forloop.hs, 0.8471, True
Tests/Unit/pos/for.hs, 0.9044, True
Tests/Unit/pos/Foo.hs, 0.6921, True
Tests/Unit/pos/foldr.hs, 0.7286, True
Tests/Unit/pos/foldN.hs, 0.7527, True
Tests/Unit/pos/Foldl.hs, 5.1945, True
Tests/Unit/pos/filterAbs.hs, 0.8391, True
Tests/Unit/pos/FFI.hs, 0.7785, True
Tests/Unit/pos/failName.hs, 0.6874, True
Tests/Unit/pos/extype.hs, 0.6927, True
Tests/Unit/pos/exp0.hs, 0.7246, True
Tests/Unit/pos/ex1.hs, 0.7758, True
Tests/Unit/pos/ex01.hs, 0.6668, True
Tests/Unit/pos/ex0.hs, 0.7567, True
Tests/Unit/pos/Even0.hs, 0.6886, True
Tests/Unit/pos/Even.hs, 0.6984, True
Tests/Unit/pos/Eval.hs, 0.8045, True
Tests/Unit/pos/eqelems.hs, 0.7147, True
Tests/Unit/pos/elim01.hs, 0.7174, True
Tests/Unit/pos/elim00.hs, 0.8487, True
Tests/Unit/pos/elems.hs, 0.6986, True
Tests/Unit/pos/elements.hs, 1.0140, True
Tests/Unit/pos/duplicate-bind.hs, 0.7170, True
Tests/Unit/pos/dropwhile.hs, 0.9819, True
Tests/Unit/pos/div000.hs, 0.6710, True
Tests/Unit/pos/deptupW.hs, 0.7827, True
Tests/Unit/pos/deptup3.hs, 0.7625, True
Tests/Unit/pos/deptup1.hs, 0.8722, True
Tests/Unit/pos/deptup0.hs, 0.8007, True
Tests/Unit/pos/deptup.hs, 1.0574, True
Tests/Unit/pos/deppair1.hs, 0.7469, True
Tests/Unit/pos/deppair0.hs, 0.7704, True
Tests/Unit/pos/deepmeas0.hs, 0.7873, True
Tests/Unit/pos/DB00.hs, 0.6977, True
Tests/Unit/pos/dataConQuals.hs, 0.6930, True
Tests/Unit/pos/datacon1.hs, 0.6707, True
Tests/Unit/pos/datacon0.hs, 0.7865, True
Tests/Unit/pos/datacon-inv.hs, 0.6850, True
Tests/Unit/pos/DataBase.hs, 0.7172, True
Tests/Unit/pos/data2.hs, 0.7872, True
Tests/Unit/pos/cut00.hs, 0.7307, True
Tests/Unit/pos/csgordon_issue_296.hs, 0.6646, True
Tests/Unit/pos/CountMonad.hs, 0.7993, True
Tests/Unit/pos/coretologic.hs, 0.7148, True
Tests/Unit/pos/contra0.hs, 0.7718, True
Tests/Unit/pos/ConstraintsAppend.hs, 1.1806, True
Tests/Unit/pos/Constraints.hs, 0.7604, True
Tests/Unit/pos/comprehensionTerm.hs, 1.0188, True
Tests/Unit/pos/CompareConstraints.hs, 1.0995, True
Tests/Unit/pos/compare2.hs, 0.7388, True
Tests/Unit/pos/compare1.hs, 0.7536, True
Tests/Unit/pos/compare.hs, 0.7414, True
Tests/Unit/pos/Coercion.hs, 0.7011, True
Tests/Unit/pos/cmptag0.hs, 0.7436, True
Tests/Unit/pos/ClojurVector.hs, 0.9281, True
Tests/Unit/pos/ClassReg.hs, 0.6806, True
Tests/Unit/pos/Class2.hs, 0.6882, True
Tests/Unit/pos/Class.hs, 0.9546, True
Tests/Unit/pos/case-lambda-join.hs, 0.8163, True
Tests/Unit/pos/BST000.hs, 1.6018, True
Tests/Unit/pos/BST.hs, 7.1930, True
Tests/Unit/pos/bounds1.hs, 0.6821, True
Tests/Unit/pos/Books.hs, 0.7530, True
Tests/Unit/pos/BinarySearch.hs, 0.8346, True
Tests/Unit/pos/bar.hs, 0.7088, True
Tests/Unit/pos/bangPatterns.hs, 0.7300, True
Tests/Unit/pos/AVLRJ.hs, 2.2904, True
Tests/Unit/pos/AVL.hs, 2.0147, True
Tests/Unit/pos/Avg.hs, 0.7060, True
Tests/Unit/pos/AutoSize.hs, 0.6898, True
Tests/Unit/pos/AssumedRecursive.hs, 0.6815, True
Tests/Unit/pos/Assume.hs, 0.6952, True
Tests/Unit/pos/anish1.hs, 0.6804, True
Tests/Unit/pos/anftest.hs, 0.6997, True
Tests/Unit/pos/anfbug.hs, 0.7531, True
Tests/Unit/pos/AmortizedQueue.hs, 0.8345, True
Tests/Unit/pos/alphaconvert-Set.hs, 1.0425, True
Tests/Unit/pos/alphaconvert-List.hs, 1.2240, True
Tests/Unit/pos/alias01.hs, 0.6846, True
Tests/Unit/pos/alias00.hs, 0.6952, True
Tests/Unit/pos/adt0.hs, 0.7265, True
Tests/Unit/pos/Ackermann.hs, 0.7614, True
Tests/Unit/pos/absref-crash0.hs, 0.6997, True
Tests/Unit/pos/absref-crash.hs, 0.6726, True
Tests/Unit/pos/Abs.hs, 0.6877, True
Tests/Unit/neg/wrap1.hs, 0.9259, True
Tests/Unit/neg/wrap0.hs, 0.8062, True
Tests/Unit/neg/vector2.hs, 1.3458, True
Tests/Unit/neg/vector1a.hs, 1.0124, True
Tests/Unit/neg/vector0a.hs, 0.8390, True
Tests/Unit/neg/vector00.hs, 0.7768, True
Tests/Unit/neg/vector0.hs, 0.9785, True
Tests/Unit/neg/Variance1.hs, 0.6895, True
Tests/Unit/neg/Variance.hs, 0.7122, True
Tests/Unit/neg/tyclass0-unsafe.hs, 0.6861, True
Tests/Unit/neg/truespec.hs, 0.7380, True
Tests/Unit/neg/trans.hs, 1.4286, True
Tests/Unit/neg/TopLevel.hs, 0.7244, True
Tests/Unit/neg/testRec.hs, 0.7440, True
Tests/Unit/neg/test2.hs, 0.7455, True
Tests/Unit/neg/test1.hs, 0.7314, True
Tests/Unit/neg/test00c.hs, 0.6572, True
Tests/Unit/neg/test00b.hs, 0.7588, True
Tests/Unit/neg/test00a.hs, 0.7159, True
Tests/Unit/neg/test00.hs, 0.7415, True
Tests/Unit/neg/TermReal.hs, 0.6863, True
Tests/Unit/neg/TerminationNum0.hs, 0.7054, True
Tests/Unit/neg/TerminationNum.hs, 0.7007, True
Tests/Unit/neg/T602.hs, 0.6857, True
Tests/Unit/neg/sumPoly.hs, 0.7058, True
Tests/Unit/neg/sumk.hs, 0.6891, True
Tests/Unit/neg/Sum.hs, 0.7631, True
Tests/Unit/neg/Strings.hs, 0.6906, True
Tests/Unit/neg/string00.hs, 0.7245, True
Tests/Unit/neg/StrictPair1.hs, 0.9041, True
Tests/Unit/neg/StrictPair0.hs, 0.6928, True
Tests/Unit/neg/StreamInvariants.hs, 0.6888, True
Tests/Unit/neg/Strata.hs, 0.6794, True
Tests/Unit/neg/StateConstraints00.hs, 0.6876, True
Tests/Unit/neg/StateConstraints0.hs, 14.9628, True
Tests/Unit/neg/StateConstraints.hs, 1.2537, True
Tests/Unit/neg/state00.hs, 0.7263, True
Tests/Unit/neg/state0.hs, 0.7087, True
Tests/Unit/neg/stacks.hs, 0.9794, True
Tests/Unit/neg/Solver.hs, 1.1037, True
Tests/Unit/neg/SafePartialFunctions.hs, 0.7189, True
Tests/Unit/neg/risers.hs, 0.7774, True
Tests/Unit/neg/RG.hs, 1.0422, True
Tests/Unit/neg/revshape.hs, 0.7043, True
Tests/Unit/neg/RecSelector.hs, 0.6789, True
Tests/Unit/neg/RecQSort.hs, 0.8938, True
Tests/Unit/neg/record0.hs, 0.6991, True
Tests/Unit/neg/range.hs, 1.1529, True
Tests/Unit/neg/qsloop.hs, 0.8564, True
Tests/Unit/neg/prune0.hs, 0.7347, True
Tests/Unit/neg/Propability0.hs, 0.7481, True
Tests/Unit/neg/Propability.hs, 0.9566, True
Tests/Unit/neg/pred.hs, 0.6163, True
Tests/Unit/neg/pragma0-unsafe.hs, 0.6665, True
Tests/Unit/neg/poslist.hs, 0.9263, True
Tests/Unit/neg/polypred.hs, 0.7119, True
Tests/Unit/neg/poly2.hs, 0.7456, True
Tests/Unit/neg/poly2-degenerate.hs, 0.7343, True
Tests/Unit/neg/poly1.hs, 0.7434, True
Tests/Unit/neg/poly0.hs, 0.7694, True
Tests/Unit/neg/partial.hs, 0.6974, True
Tests/Unit/neg/pargs1.hs, 0.6777, True
Tests/Unit/neg/pargs.hs, 0.6665, True
Tests/Unit/neg/PairMeasure.hs, 0.7029, True
Tests/Unit/neg/pair0.hs, 1.3326, True
Tests/Unit/neg/pair.hs, 1.4050, True
Tests/Unit/neg/NoMethodBindingError.hs, 0.6504, True
Tests/Unit/neg/NoExhaustiveGuardsError.hs, 0.6872, True
Tests/Unit/neg/nestedRecursion.hs, 0.6862, True
Tests/Unit/neg/multi-pred-app-00.hs, 0.6919, True
Tests/Unit/neg/mr00.hs, 0.8350, True
Tests/Unit/neg/monad7.hs, 0.9151, True
Tests/Unit/neg/monad6.hs, 0.7490, True
Tests/Unit/neg/monad5.hs, 0.7747, True
Tests/Unit/neg/monad4.hs, 0.8037, True
Tests/Unit/neg/monad3.hs, 0.8192, True
Tests/Unit/neg/MergeSort.hs, 2.1238, True
Tests/Unit/neg/MeasureDups.hs, 0.7653, True
Tests/Unit/neg/MeasureContains.hs, 0.7333, True
Tests/Unit/neg/meas9.hs, 0.7248, True
Tests/Unit/neg/meas7.hs, 0.6989, True
Tests/Unit/neg/meas5.hs, 1.2038, True
Tests/Unit/neg/meas3.hs, 0.7382, True
Tests/Unit/neg/meas2.hs, 0.7329, True
Tests/Unit/neg/meas0.hs, 0.7292, True
Tests/Unit/neg/maps.hs, 0.7724, True
Tests/Unit/neg/mapreduce.hs, 1.7726, True
Tests/Unit/neg/mapreduce-tiny.hs, 0.7753, True
Tests/Unit/neg/LocalSpec.hs, 0.7220, True
Tests/Unit/neg/lit.hs, 0.6666, True
Tests/Unit/neg/ListRange.hs, 0.7654, True
Tests/Unit/neg/ListQSort.hs, 1.1141, True
Tests/Unit/neg/listne.hs, 0.6803, True
Tests/Unit/neg/ListMSort.hs, 2.3110, True
Tests/Unit/neg/ListKeys.hs, 0.7303, True
Tests/Unit/neg/ListISort.hs, 1.2830, True
Tests/Unit/neg/ListISort-LType.hs, 0.8864, True
Tests/Unit/neg/ListElem.hs, 0.7133, True
Tests/Unit/neg/ListConcat.hs, 0.7191, True
Tests/Unit/neg/list00.hs, 0.7369, True
Tests/Unit/neg/LiquidClass1.hs, 0.7008, True
Tests/Unit/neg/LiquidClass.hs, 0.7109, True
Tests/Unit/neg/LazyWhere1.hs, 0.7158, True
Tests/Unit/neg/LazyWhere.hs, 0.7079, True
Tests/Unit/neg/inc2.hs, 0.6767, True
Tests/Unit/neg/HolesTop.hs, 0.7138, True
Tests/Unit/neg/HasElem.hs, 0.7179, True
Tests/Unit/neg/grty3.hs, 0.6924, True
Tests/Unit/neg/grty2.hs, 0.8398, True
Tests/Unit/neg/grty1.hs, 0.8440, True
Tests/Unit/neg/grty0.hs, 0.6993, True
Tests/Unit/neg/Gradual.hs, 0.6729, True
Tests/Unit/neg/GeneralizedTermination.hs, 0.7432, True
Tests/Unit/neg/GADTs.hs, 0.6969, True
Tests/Unit/neg/FunSoundness.hs, 0.6740, True
Tests/Unit/neg/foldN1.hs, 0.7187, True
Tests/Unit/neg/foldN.hs, 0.7291, True
Tests/Unit/neg/filterAbs.hs, 0.8878, True
Tests/Unit/neg/ex1-unsafe.hs, 0.7633, True
Tests/Unit/neg/ex0-unsafe.hs, 0.7850, True
Tests/Unit/neg/Even.hs, 0.7150, True
Tests/Unit/neg/Eval.hs, 0.8019, True
Tests/Unit/neg/errorloc.hs, 0.7159, True
Tests/Unit/neg/errmsg.hs, 0.7319, True
Tests/Unit/neg/elim000.hs, 0.6884, True
Tests/Unit/neg/deptupW.hs, 0.7771, True
Tests/Unit/neg/deppair0.hs, 0.7623, True
Tests/Unit/neg/datacon-eq.hs, 0.6705, True
Tests/Unit/neg/csv.hs, 2.7616, True
Tests/Unit/neg/coretologic.hs, 0.7152, True
Tests/Unit/neg/contra0.hs, 0.7659, True
Tests/Unit/neg/ConstraintsAppend.hs, 1.2646, True
Tests/Unit/neg/Constraints.hs, 0.7238, True
Tests/Unit/neg/concat2.hs, 1.0525, True
Tests/Unit/neg/concat1.hs, 1.1237, True
Tests/Unit/neg/concat.hs, 0.9302, True
Tests/Unit/neg/CompareConstraints.hs, 1.1736, True
Tests/Unit/neg/Class5.hs, 0.7159, True
Tests/Unit/neg/Class4.hs, 0.7366, True
Tests/Unit/neg/Class3.hs, 0.7597, True
Tests/Unit/neg/Class2.hs, 0.7657, True
Tests/Unit/neg/Class1.hs, 0.8663, True
Tests/Unit/neg/CastedTotality.hs, 0.7698, True
Tests/Unit/neg/Books.hs, 0.7706, True
Tests/Unit/neg/BigNum.hs, 0.6787, True
Tests/Unit/neg/Baz.hs, 0.6964, True
Tests/Unit/neg/BadHMeas.hs, 0.6796, True
Tests/Unit/neg/AutoSize.hs, 0.6810, True
Tests/Unit/neg/Ast.hs, 0.7216, True
Tests/Unit/neg/ass0.hs, 0.6776, True
Tests/Unit/neg/alias00.hs, 0.6807, True
Tests/Unit/neg/AbsApp.hs, 0.6980, True
Tests/Unit/crash/Unbound.hs, 0.6499, True
Tests/Unit/crash/typeAliasDup.hs, 0.7085, True
Tests/Unit/crash/T649.hs, 0.6731, True
Tests/Unit/crash/RClass.hs, 0.6619, True
Tests/Unit/crash/Qualif.hs, 0.6541, True
Tests/Unit/crash/predparams.hs, 0.5913, True
Tests/Unit/crash/num-float-error1.hs, 0.6425, True
Tests/Unit/crash/num-float-error.hs, 0.6639, True
Tests/Unit/crash/MultipleRecordSelectors.hs, 0.6659, True
Tests/Unit/crash/Mismatch.hs, 0.6296, True
Tests/Unit/crash/LocalTermExpr.hs, 0.6569, True
Tests/Unit/crash/LocalHole.hs, 0.6406, True
Tests/Unit/crash/issue594.hs, 0.6518, True
Tests/Unit/crash/hole-crash3.hs, 0.6096, True
Tests/Unit/crash/hole-crash2.hs, 0.6044, True
Tests/Unit/crash/hole-crash1.hs, 0.6531, True
Tests/Unit/crash/HaskellMeasure.hs, 0.6226, True
Tests/Unit/crash/FunRef2.hs, 0.6538, True
Tests/Unit/crash/FunRef1.hs, 0.6487, True
Tests/Unit/crash/funref.hs, 0.6394, True
Tests/Unit/crash/errmsg-mismatch.hs, 0.6321, True
Tests/Unit/crash/errmsg-dc-type.hs, 0.6054, True
Tests/Unit/crash/errmsg-dc-num.hs, 0.6125, True
Tests/Unit/crash/CyclicTypeAlias3.hs, 0.5630, True
Tests/Unit/crash/CyclicTypeAlias2.hs, 0.5756, True
Tests/Unit/crash/CyclicTypeAlias1.hs, 0.5827, True
Tests/Unit/crash/CyclicTypeAlias0.hs, 0.5649, True
Tests/Unit/crash/CyclicPredAlias3.hs, 0.5676, True
Tests/Unit/crash/CyclicPredAlias2.hs, 0.5787, True
Tests/Unit/crash/CyclicPredAlias1.hs, 0.5706, True
Tests/Unit/crash/CyclicPredAlias0.hs, 0.5593, True
Tests/Unit/crash/CyclicExprAlias3.hs, 0.5763, True
Tests/Unit/crash/CyclicExprAlias2.hs, 0.5695, True
Tests/Unit/crash/CyclicExprAlias1.hs, 0.5736, True
Tests/Unit/crash/CyclicExprAlias0.hs, 0.5797, True
Tests/Unit/crash/BadSyn4.hs, 0.5841, True
Tests/Unit/crash/BadSyn3.hs, 0.5849, True
Tests/Unit/crash/BadSyn2.hs, 0.6045, True
Tests/Unit/crash/BadSyn1.hs, 0.5960, True
Tests/Unit/crash/BadExprArg.hs, 0.6511, True
Tests/Unit/crash/Ast.hs, 0.6713, True
Tests/Unit/crash/Assume1.hs, 0.6720, True
Tests/Unit/crash/Assume.hs, 0.6425, True
Tests/Unit/crash/AbsRef.hs, 0.6719, True
Tests/Unit/parser/pos/TokensAsPrefixes.hs, 0.6957, True
Tests/Unit/parser/pos/Parens.hs, 0.6856, True
Tests/Unit/error/crash/TerminationExpr1.hs, 0.6275, True
Tests/Unit/error/crash/TerminationExpr.hs, 0.6553, True
Tests/Unit/eq_pos/MonadicLawsMaybeAssoc.hs, 1.0730, True
Tests/Unit/eq_pos/MonadicLawsMaybe.hs, 1.1118, True
Tests/Unit/eq_pos/MonadicLaws.hs, 3.3483, True
Tests/Unit/eq_pos/MapAppend.hs, 0.0000, True
Tests/Unit/eq_pos/Equational.hs, 0.9040, True
Tests/Unit/eq_pos/ConcatMap.hs, 4.5068, True
Tests/Unit/eq_pos/BasicLambdas.hs, 1.0857, True
Tests/Unit/eq_pos/Arrow.hs, 0.6527, True
Tests/Unit/eq_pos/AppendVerbose.hs, 3.3599, True
Tests/Unit/eq_pos/AppendAxiom.hs, 1.0373, True
Tests/Unit/eq_pos/AppendArrow.hs, 56.2571, True
Tests/Unit/eq_neg/Append.hs, 2.5261, True
Tests/Benchmarks/text/Setup.lhs, 0.7065, True
Tests/Benchmarks/text/Data/Text.hs, 64.4665, True
Tests/Benchmarks/text/Data/Text/UnsafeChar.hs, 3.1121, True
Tests/Benchmarks/text/Data/Text/Unsafe.hs, 2.7116, True
Tests/Benchmarks/text/Data/Text/Search.hs, 12.3011, True
Tests/Benchmarks/text/Data/Text/Private.hs, 2.1072, True
Tests/Benchmarks/text/Data/Text/Lazy.hs, 67.7892, True
Tests/Benchmarks/text/Data/Text/Internal.hs, 3.5187, True
Tests/Benchmarks/text/Data/Text/Foreign.hs, 3.0272, True
Tests/Benchmarks/text/Data/Text/Encoding.hs, 75.2189, True
Tests/Benchmarks/text/Data/Text/Array.hs, 1.7222, True
Tests/Benchmarks/text/Data/Text/Lazy/Search.hs, 90.4680, True
Tests/Benchmarks/text/Data/Text/Lazy/Internal.hs, 3.3505, True
Tests/Benchmarks/text/Data/Text/Lazy/Fusion.hs, 6.4198, True
Tests/Benchmarks/text/Data/Text/Lazy/Encoding.hs, 7.3071, True
Tests/Benchmarks/text/Data/Text/Lazy/Builder.hs, 12.3776, True
Tests/Benchmarks/text/Data/Text/Fusion/Size.hs, 1.5536, True
Tests/Benchmarks/bytestring/Data/ByteString.T.hs, 31.2578, True
Tests/Benchmarks/bytestring/Data/ByteString.hs, 27.6727, True
Tests/Benchmarks/bytestring/Data/ByteString/Unsafe.hs, 1.9365, True
Tests/Benchmarks/bytestring/Data/ByteString/LazyZip.hs, 76.3226, True
Tests/Benchmarks/bytestring/Data/ByteString/Lazy.hs, 56.4304, True
Tests/Benchmarks/bytestring/Data/ByteString/Internal.hs, 4.3084, True
Tests/Benchmarks/bytestring/Data/ByteString/Fusion.T.hs, 14.1096, True
Tests/Benchmarks/bytestring/Data/ByteString/Fusion.hs, 11.6302, True
Tests/Benchmarks/bytestring/Data/ByteString/Char8.hs, 5.4509, True
Tests/Benchmarks/bytestring/Data/ByteString/Lazy/Internal.hs, 1.4302, True
Tests/Benchmarks/bytestring/Data/ByteString/Lazy/Char8.hs, 6.0663, True
Tests/Benchmarks/esop/Toy.hs, 1.2601, True
Tests/Benchmarks/esop/Splay.hs, 7.9886, True
Tests/Benchmarks/esop/ListSort.hs, 2.6261, True
Tests/Benchmarks/esop/GhcListSort.hs, 4.3237, True
Tests/Benchmarks/esop/Fib.hs, 1.7539, True
Tests/Benchmarks/esop/Base.hs, 90.8354, True
Tests/Benchmarks/esop/Array.hs, 4.0028, True
Tests/Benchmarks/vect-algs/Setup.lhs, 0.6959, True
Tests/Benchmarks/vect-algs/Data/Vector/Algorithms/Termination.hs, 0.9383, True
Tests/Benchmarks/vect-algs/Data/Vector/Algorithms/Search.hs, 3.9289, True
Tests/Benchmarks/vect-algs/Data/Vector/Algorithms/Radix.hs, 2.5981, True
Tests/Benchmarks/vect-algs/Data/Vector/Algorithms/Optimal.hs, 6.4456, True
Tests/Benchmarks/vect-algs/Data/Vector/Algorithms/Merge.hs, 4.4341, True
Tests/Benchmarks/vect-algs/Data/Vector/Algorithms/Intro.hs, 6.5338, True
Tests/Benchmarks/vect-algs/Data/Vector/Algorithms/Insertion.hs, 1.3234, True
Tests/Benchmarks/vect-algs/Data/Vector/Algorithms/Heap.hs, 24.5092, True
Tests/Benchmarks/vect-algs/Data/Vector/Algorithms/Common.hs, 1.0392, True
Tests/Benchmarks/vect-algs/Data/Vector/Algorithms/Combinators.hs, 0.6961, True
Tests/Benchmarks/vect-algs/Data/Vector/Algorithms/AmericanFlag.hs, 4.6489, True
Tests/Benchmarks/hscolour/Setup.hs, 0.6743, True
Tests/Benchmarks/hscolour/Language/Haskell/HsColour.hs, 4.8396, True
Tests/Benchmarks/hscolour/Language/Haskell/HsColour/TTY.hs, 1.0724, True
Tests/Benchmarks/hscolour/Language/Haskell/HsColour/Output.hs, 0.9108, True
Tests/Benchmarks/hscolour/Language/Haskell/HsColour/Options.hs, 0.7760, True
Tests/Benchmarks/hscolour/Language/Haskell/HsColour/MIRC.hs, 2.4017, True
Tests/Benchmarks/hscolour/Language/Haskell/HsColour/LaTeX.hs, 18.4244, True
Tests/Benchmarks/hscolour/Language/Haskell/HsColour/InlineCSS.hs, 1.4884, True
Tests/Benchmarks/hscolour/Language/Haskell/HsColour/HTML.hs, 4.2309, True
Tests/Benchmarks/hscolour/Language/Haskell/HsColour/General.hs, 0.7207, True
Tests/Benchmarks/hscolour/Language/Haskell/HsColour/CSS.hs, 1.4619, True
Tests/Benchmarks/hscolour/Language/Haskell/HsColour/Colourise.hs, 2.5275, True
Tests/Benchmarks/hscolour/Language/Haskell/HsColour/ColourHighlight.hs, 2.3818, True
Tests/Benchmarks/hscolour/Language/Haskell/HsColour/ANSI.hs, 1.5532, True
Tests/Benchmarks/hscolour/Language/Haskell/HsColour/ACSS.hs, 8.9472, True
Tests/Benchmarks/icfp_pos/WhileTest.hs, 1.0175, True
Tests/Benchmarks/icfp_pos/WhileM.hs, 0.7937, True
Tests/Benchmarks/icfp_pos/TwiceM.hs, 5.3438, True
Tests/Benchmarks/icfp_pos/TestM.hs, 0.7559, True
Tests/Benchmarks/icfp_pos/RIO2.hs, 13.3583, True
Tests/Benchmarks/icfp_pos/Privileges.hs, 0.7297, True
Tests/Benchmarks/icfp_pos/Overview.lhs, 5.4093, True
Tests/Benchmarks/icfp_pos/Incr.hs, 0.9673, True
Tests/Benchmarks/icfp_pos/IfM2.hs, 3.0850, True
Tests/Benchmarks/icfp_pos/IfM.hs, 4.8886, True
Tests/Benchmarks/icfp_pos/ICFP15.lhs, 1.3142, True
Tests/Benchmarks/icfp_pos/FoldAbs.hs, 4.9181, True
Tests/Benchmarks/icfp_pos/FindRec.hs, 9.0043, True
Tests/Benchmarks/icfp_pos/Filter.lhs, 0.8860, True
Tests/Benchmarks/icfp_pos/dropwhile.hs, 0.8529, True
Tests/Benchmarks/icfp_pos/DBMovies.hs, 3.7959, True
Tests/Benchmarks/icfp_pos/Composition.hs, 0.8246, True
Tests/Benchmarks/icfp_pos/CompareConstraints.hs, 1.0970, True
Tests/Benchmarks/icfp_pos/Append.hs, 0.9779, True
Tests/Benchmarks/icfp_neg/WhileM.hs, 1.0355, True
Tests/Benchmarks/icfp_neg/TwiceM.hs, 27.1794, True
Tests/Benchmarks/icfp_neg/TestM.hs, 0.7736, True
Tests/Benchmarks/icfp_neg/Records.hs, 0.7976, True
Tests/Benchmarks/icfp_neg/IfM.hs, 4.9509, True
Tests/Benchmarks/icfp_neg/DBMovies.hs, 3.4433, True
Tests/Benchmarks/icfp_neg/Composition.hs, 0.8173, True
